{"options":{"check_for_updates":true,"comment":null,"compatopts_for_requires":true,"compat_wrappedjsobject":false,"compat_metadata":false,"compat_foreach":false,"compat_prototypes":false,"noframes":null,"run_at":null,"override":{"use_includes":[],"orig_includes":[],"merge_includes":true,"use_matches":[],"orig_matches":["http://*/*","https://*/*"],"merge_matches":true,"use_excludes":[],"orig_excludes":["https://www.linkedin.com/*","https://*.facebook.com/*","https://*.google.tld/*","https://*.youtube.com/*","*://disqus.com/embed/*","https://vk.com/*","https://*.vk.com/*","https://vimeo.com/*","https://*.vimeo.com/*","*://*.coub.com/*","*://coub.com/*","*://*.googlesyndication.com/*","*://*.naver.com/*","*://*.yandex.tld/*","https://*.twitch.tv/*","https://tinder.com/*","*://*.yahoo.com/*","*://chat.chatovod.ru/*","*://vc.ru/*","*://tjournal.ru/*","*://amanice.ru/*","*://ka-union.ru/*","*://*.ssgdfm.com/*","*://*.brainpop.com/*","*://*.taobao.com/*"],"merge_excludes":true,"use_connects":[],"merge_connects":true,"use_blockers":[],"orig_run_at":"document-start","orig_noframes":null}},"settings":{"enabled":true,"position":15},"meta":{"name":"AdGuard Popup Blocker","uuid":"85a3bf41-28c1-48f9-9da2-eab663bf833a","modified":1561751354735,"file_url":"https://greasyfork.org/scripts/33396-adguard-popup-blocker/code/AdGuard%20Popup%20Blocker.user.js"}}