{"data":{"#id":"sUttWguqoEa+tqo3Pqui8ZLrfRYFwETEO","banhtv.info":"n1","fimfast.com":"n1","fmovies.taxi":"n1","phim1080.com":"n1","phim1080.net":"n1","phimbathu.org":"n1","prettyfast.to":"n1","rapidvid.to":"n1","streamango.com":"n1","streamtape.com":"n1","twitter.com":"n1","ver":"s2","whitelist":"swww.awseducate.com,openstax.org,shopee.com.my,www.notion.so,www.livescore.com,web.whatsapp.com","www.analdin.com":"n1","www.rapidvideo.com":"n1","www.xozilla.com":"n1","www4.fmovies.to":"n1","www7.fmovies.to":"n1","www8.fmovies.to":"n1"},"ts":1632257473307}