{"options":{"check_for_updates":false,"comment":null,"compatopts_for_requires":true,"compat_wrappedjsobject":false,"compat_metadata":false,"compat_foreach":false,"compat_prototypes":false,"noframes":null,"run_at":null,"override":{"use_includes":[],"orig_includes":[],"merge_includes":true,"use_matches":[],"orig_matches":["https://www.amazon.com/*","https://www.amazon.fr/*","https://www.amazon.de/*","https://www.amazon.co.uk/*","https://www.amazon.it/*"],"merge_matches":true,"use_excludes":[],"orig_excludes":[],"merge_excludes":true,"use_connects":[],"merge_connects":true,"use_blockers":[],"orig_run_at":"document-idle","orig_noframes":null}},"settings":{"enabled":true,"position":31},"meta":{"name":"Amazon.com LibGen integration","uuid":"21bd746b-0478-4a95-aa0b-4de362bd86e6","modified":1606941604824,"file_url":"https://greasyfork.org/scripts/406924-amazon-com-libgen-integration/code/Amazoncom%20LibGen%20integration.user.js"}}