{"options":{"check_for_updates":true,"comment":null,"compatopts_for_requires":true,"compat_wrappedjsobject":false,"compat_metadata":false,"compat_foreach":false,"compat_prototypes":false,"noframes":null,"run_at":null,"override":{"use_includes":[],"orig_includes":[],"merge_includes":true,"use_matches":[],"orig_matches":["http://audiobookbay.nl/audio-books/*","http://audiobookbay.net/audio-books/*","http://ebb.la/*","https://audiobookbay.nl/audio-books/*","https://audiobookbay.net/audio-books/*","https://ebb.la/*"],"merge_matches":true,"use_excludes":[],"orig_excludes":[],"merge_excludes":true,"use_connects":[],"merge_connects":true,"use_blockers":[],"orig_run_at":"document-idle","orig_noframes":null,"orig_connects":[]}},"settings":{"enabled":true,"position":36},"meta":{"name":"AudioBookBay/eBookBay - Add Magnet Links","uuid":"8a28042c-e744-4ff9-a694-9ebde2478ff1","modified":1632257515503,"file_url":"https://greasyfork.org/scripts/415908-audiobookbay-add-magnet-links/code/AudioBookBay%20-%20Add%20Magnet%20Links.user.js"}}