{"options":{"check_for_updates":true,"comment":null,"compatopts_for_requires":true,"compat_wrappedjsobject":false,"compat_metadata":false,"compat_foreach":false,"compat_prototypes":false,"noframes":null,"run_at":null,"override":{"use_includes":[],"orig_includes":["*://www.google.*/sorry/*"],"merge_includes":true,"use_matches":[],"orig_matches":[],"merge_matches":true,"use_excludes":[],"orig_excludes":[],"merge_excludes":true,"use_connects":[],"merge_connects":true,"use_blockers":[],"orig_run_at":"document-start","orig_noframes":null}},"settings":{"enabled":true,"position":47},"meta":{"name":"Bypass Google Sorry (reCAPTCHA)","uuid":"5d42751b-130c-47ce-aecb-07396501612f","modified":1616683472705,"file_url":"https://greasyfork.org/scripts/421597-bypass-google-sorry-recaptcha/code/Bypass%20Google%20Sorry%20(reCAPTCHA).user.js"}}