{"options":{"check_for_updates":true,"comment":null,"compatopts_for_requires":true,"compat_wrappedjsobject":false,"compat_metadata":false,"compat_foreach":false,"compat_prototypes":false,"noframes":null,"run_at":null,"override":{"use_includes":[],"orig_includes":[],"merge_includes":true,"use_matches":[],"orig_matches":["https://*.quora.com/*"],"merge_matches":true,"use_excludes":[],"orig_excludes":[],"merge_excludes":true,"use_connects":[],"merge_connects":true,"use_blockers":[],"orig_run_at":"document-start","orig_noframes":null}},"settings":{"enabled":true,"position":49},"meta":{"name":"Calm Quora's annoying red notification dots","uuid":"ad55b298-290c-4d01-81a2-29743ffa0477","modified":1617357731306,"file_url":"https://greasyfork.org/scripts/41027-calm-quora-s-annoying-red-notification-dots/code/Calm%20Quora's%20annoying%20red%20notification%20dots.user.js"}}