{"options":{"check_for_updates":true,"comment":null,"compatopts_for_requires":true,"compat_wrappedjsobject":false,"compat_metadata":false,"compat_foreach":false,"compat_prototypes":false,"noframes":null,"run_at":null,"override":{"use_includes":[],"orig_includes":[],"merge_includes":true,"use_matches":[],"orig_matches":["https://arxiv.org/abs/*"],"merge_matches":true,"use_excludes":[],"orig_excludes":[],"merge_excludes":true,"use_connects":[],"merge_connects":true,"use_blockers":[],"orig_run_at":"document-idle","orig_noframes":null}},"settings":{"enabled":true,"position":35},"meta":{"name":"Enhanced arXiv","uuid":"493a0bba-f62c-40da-a746-77f6400c1c4e","modified":1606942457533,"file_url":"https://greasyfork.org/scripts/416193-enhanced-arxiv/code/Enhanced%20arXiv.user.js"}}