{"options":{"check_for_updates":true,"comment":null,"compatopts_for_requires":true,"compat_wrappedjsobject":false,"compat_metadata":false,"compat_foreach":false,"compat_prototypes":false,"noframes":null,"run_at":null,"override":{"use_includes":[],"orig_includes":[],"merge_includes":true,"use_matches":[],"orig_matches":["https://www.twitch.tv/*","https://clips.twitch.tv/*"],"merge_matches":true,"use_excludes":[],"orig_excludes":[],"merge_excludes":true,"use_connects":[],"merge_connects":true,"use_blockers":[],"orig_run_at":"document-idle","orig_noframes":null,"orig_connects":[]}},"settings":{"enabled":true,"position":39},"meta":{"name":"Enhance twitch","uuid":"951ac6e7-4cf8-484f-b08a-9fbec0c1633d","modified":1632257515417,"file_url":"https://greasyfork.org/scripts/375467-enhance-twitch/code/Enhance%20twitch.user.js"}}