{"options":{"check_for_updates":true,"comment":null,"compatopts_for_requires":true,"compat_wrappedjsobject":false,"compat_metadata":false,"compat_foreach":false,"compat_prototypes":false,"noframes":null,"run_at":null,"override":{"use_includes":[],"orig_includes":[],"merge_includes":true,"use_matches":[],"orig_matches":["*://www.facebook.com/*"],"merge_matches":true,"use_excludes":[],"orig_excludes":[],"merge_excludes":true,"use_connects":[],"merge_connects":true,"use_blockers":[],"orig_run_at":"document-end","orig_noframes":null,"orig_connects":[]}},"settings":{"enabled":true,"position":32},"meta":{"name":"Facebook Unsponsored","uuid":"e2bd56f7-e03a-46f6-a77a-1ae06cb0d303","modified":1632257515500,"file_url":"https://greasyfork.org/scripts/371822-facebook-unsponsored/code/Facebook%20Unsponsored.user.js"}}