{"options":{"check_for_updates":true,"comment":null,"compatopts_for_requires":true,"compat_wrappedjsobject":false,"compat_metadata":false,"compat_foreach":false,"compat_prototypes":false,"noframes":null,"run_at":null,"override":{"use_includes":[],"orig_includes":[],"merge_includes":true,"use_matches":[],"orig_matches":["http://*/*","https://*/*"],"merge_matches":true,"use_excludes":[],"orig_excludes":[],"merge_excludes":true,"use_connects":["translate.google.cn","translate.google.com"],"merge_connects":true,"use_blockers":[],"orig_run_at":"document-idle","orig_noframes":null}},"settings":{"enabled":false,"position":45},"meta":{"name":"Google select text translator","uuid":"e4831820-ca63-4c37-a632-020e2b4f1388","modified":1618819832474,"file_url":"https://greasyfork.org/scripts/36842-google-select-text-translator/code/Google%20select%20text%20translator.user.js"}}