{"options":{"check_for_updates":true,"comment":null,"compatopts_for_requires":true,"compat_wrappedjsobject":false,"compat_metadata":false,"compat_foreach":false,"compat_prototypes":false,"noframes":null,"run_at":null,"override":{"use_includes":[],"orig_includes":["http*","https*","chrome*"],"merge_includes":true,"use_matches":[],"orig_matches":[],"merge_matches":true,"use_excludes":[],"orig_excludes":[],"merge_excludes":true,"use_connects":["google.com"],"merge_connects":true,"use_blockers":[],"orig_run_at":"document-idle","orig_noframes":null}},"settings":{"enabled":true,"position":3},"meta":{"name":"Google Translator Tooltip Expanded Fork","uuid":"06d87140-8970-40eb-a365-b33066512552","modified":1620074648770,"file_url":"https://greasyfork.org/scripts/16204-google-translator-tooltip-expanded-fork/code/Google%20Translator%20Tooltip%20Expanded%20Fork.user.js"}}