{"options":{"check_for_updates":true,"comment":null,"compatopts_for_requires":true,"compat_wrappedjsobject":false,"compat_metadata":false,"compat_foreach":false,"compat_prototypes":false,"noframes":null,"run_at":null,"override":{"use_includes":[],"orig_includes":["https://cytu.be/r/*","https://www.cytu.be/r/*"],"merge_includes":true,"use_matches":[],"orig_matches":[],"merge_matches":true,"use_excludes":[],"orig_excludes":[],"merge_excludes":true,"use_connects":[],"merge_connects":true,"use_blockers":[],"orig_run_at":"document-end","orig_noframes":null}},"settings":{"enabled":true,"position":28},"meta":{"name":"Google Drive Video Player for CyTube","uuid":"fbea95cf-d2f1-4155-a5c7-150dc52330b8","modified":1604772054896,"file_url":"https://cytu.be/js/cytube-google-drive.user.js"}}