{"options":{"check_for_updates":true,"comment":null,"compatopts_for_requires":true,"compat_wrappedjsobject":false,"compat_metadata":false,"compat_foreach":false,"compat_prototypes":false,"noframes":null,"run_at":null,"override":{"use_includes":[],"orig_includes":["http://*.imdb.tld/title/tt*","http://*.imdb.tld/*/title/tt*","https://*.imdb.tld/title/tt*","https://*.imdb.tld/*/title/tt*"],"merge_includes":true,"use_matches":[],"orig_matches":[],"merge_matches":true,"use_excludes":[],"orig_excludes":[],"merge_excludes":true,"use_connects":["flickmetrix.com"],"merge_connects":true,"use_blockers":[],"orig_run_at":"document-start","orig_noframes":true}},"settings":{"enabled":false,"position":5},"meta":{"name":"IMDb Tomatoes","uuid":"8ca38276-033e-4018-95b8-03b0f4f959a4","modified":1618505965354,"file_url":"https://greasyfork.org/scripts/15222-imdb-tomatoes/code/IMDb%20Tomatoes.user.js"}}