{
    "tt0043643": {
        "Title": "His Kind of Woman",
        "tomatoURL": "https://www.rottentomatoes.com/m/his_kind_of_woman"
    },
    "tt5061570": {
        "Title": "Hostile Border",
        "Ratings": [
            {
                "Source": "Rotten Tomatoes",
                "Value": "67%"
            }
        ],
        "tomatoURL": "https://www.rottentomatoes.com/m/hostile_border"
    },
    "tt0120755": {
        "Title": "Mission: Impossible II",
        "Ratings": [
            {
                "Source": "Rotten Tomatoes",
                "Value": "57%"
            }
        ],
        "tomatoURL": "https://www.rottentomatoes.com/m/mission_impossible_2"
    },

    "tt7131622": {
        "Title": "Once Upon a Time in Hollywood",
        "Ratings": [
            {
                "Source": "Rotten Tomatoes",
                "Value": "85%"
            }
        ],
        "tomatoURL": "https://www.rottentomatoes.com/m/once_upon_a_time_in_hollywood"
    },
    "tt0448134": {
        "Title": "Sunshine",
        "Ratings": [
            {
                "Source": "Rotten Tomatoes",
                "Value": "76%"
            }
        ],
        "tomatoURL": "https://www.rottentomatoes.com/m/sunshine"
    },
    "tt0120768": {
        "Title": "The Negotiator",
        "Ratings": [
            {
                "Source": "Rotten Tomatoes",
                "Value": "75%"
            }
        ],
        "tomatoURL": "https://www.rottentomatoes.com/m/1083481_negotiator"
    }
}
