{"options":{"check_for_updates":true,"comment":null,"compatopts_for_requires":true,"compat_wrappedjsobject":false,"compat_metadata":false,"compat_foreach":false,"compat_prototypes":false,"noframes":null,"run_at":null,"override":{"use_includes":[],"orig_includes":["*"],"merge_includes":true,"use_matches":[],"orig_matches":[],"merge_matches":true,"use_excludes":[],"orig_excludes":[],"merge_excludes":true,"use_connects":[],"merge_connects":true,"use_blockers":[],"orig_run_at":"document-start","orig_noframes":null,"orig_connects":[]}},"settings":{"enabled":true,"position":54},"meta":{"name":"Lazy Embedded Video","uuid":"61a25508-bfbf-4876-94e8-2dfe349c6403","modified":1632259589779,"file_url":"https://greasyfork.org/scripts/17913-lazy-embedded-video/code/Lazy%20Embedded%20Video.user.js"}}