{"options":{"check_for_updates":true,"comment":null,"compatopts_for_requires":true,"compat_wrappedjsobject":false,"compat_metadata":false,"compat_foreach":false,"compat_prototypes":false,"noframes":null,"run_at":null,"override":{"use_includes":[],"orig_includes":["https://www.netflix.com/*"],"merge_includes":true,"use_matches":[],"orig_matches":[],"merge_matches":true,"use_excludes":[],"orig_excludes":[],"merge_excludes":true,"use_connects":[],"merge_connects":true,"use_blockers":[],"orig_run_at":"document-idle","orig_noframes":null}},"settings":{"enabled":true,"position":18},"meta":{"name":"Links on Netflix - IMDB, Metacritic, Rotten Tomatoes","uuid":"1979a5b4-b886-4b01-b340-1e7a09eaa21e","modified":1612958284920,"file_url":"https://greasyfork.org/scripts/23916-links-on-netflix-imdb-metacritic-rotten-tomatoes/code/Links%20on%20Netflix%20-%20IMDB,%20Metacritic,%20Rotten%20Tomatoes.user.js"}}