{"options":{"check_for_updates":true,"comment":null,"compatopts_for_requires":true,"compat_wrappedjsobject":false,"compat_metadata":false,"compat_foreach":false,"compat_prototypes":false,"noframes":null,"run_at":null,"override":{"use_includes":[],"orig_includes":["*"],"merge_includes":true,"use_matches":[],"orig_matches":[],"merge_matches":true,"use_excludes":[],"orig_excludes":[],"merge_excludes":true,"use_connects":["gfycat.com","narvii.com","weebly.com","blogspot.com","deviantart.net","2yamaha.com","tumblr.com","lessmilk.com","pixeljoint.com","mbasic.facebook.com","imgur.com","kenh14cdn.com","www.instagram.com","prnt.sc","prntscr.com","nocookie.net","ibb.co","slidesharecdn.com","wordpress.com","designabetterbusiness.com","www.thegeeklygrind.com","wallpapersin4k.org","minitokyo.net","fansshare.com","fanpop.com","deviantart.com","gzn.jp","tripadvisor.com","ebay.it","quotidiano.net","unidformazione.com","ebay.com","enlightem.eu","dexterindustries.com","hdwallpapers.in","wallpapersmug.com","gamepur.com","raspberrypihq.com","nitroflare.com","mangovideo.pw","ming.tw","35.171.144.223","twitter.com","account.box.com","ign.com","nsnam.org","gyazo.com","unipa.it","clipart-library.com","save9.com","pinimg.com","luc.edu","uff.br","researchgate.net","hanoikids.org","deliciousvietnam.net","gipsa-lab.fr","zenpencils.com","cdn-images-1.medium.com","ytimg.com","intershop.com","microsoft.com"],"merge_connects":true,"use_blockers":[],"orig_run_at":"document-idle","orig_noframes":null,"orig_connects":["*","self","github.com","deviantart.com","facebook.com","fbcdn.com","flickr.com","gfycat.com","googleusercontent.com","gyazo.com","imgur.com","instagr.am","instagram.com","prnt.sc","prntscr.com","user-images.githubusercontent.com"]}},"settings":{"enabled":true,"position":25},"meta":{"name":"Mouseover Popup Image Viewer","uuid":"9dc00a70-de7b-4f7f-b956-65e28bd5f7b3","modified":1632257515086,"file_url":"https://greasyfork.org/scripts/394820-mouseover-popup-image-viewer/code/Mouseover%20Popup%20Image%20Viewer.user.js"}}