{"options":{"check_for_updates":true,"comment":null,"compatopts_for_requires":true,"compat_wrappedjsobject":false,"compat_metadata":false,"compat_foreach":false,"compat_prototypes":false,"noframes":null,"run_at":null,"override":{"use_includes":[],"orig_includes":[],"merge_includes":true,"use_matches":[],"orig_matches":["http://movcloud.net/embed/*","http://www.movcloud.net/embed/*","http://cloud9.to/embed/*","http://www.cloud9.to/embed/*","http://vidcloud9.com/videos/*","http://vidnode.net/videos/*","http://vidnext.net/videos/*","http://vidstreaming.io/videos/*","http://vidcloud9.com/streaming.php?*","http://vidcloud9.com/load.php?*","http://vidnode.net/streaming.php?*","http://vidnode.net/load.php?*","http://vidnext.net/streaming.php?*","http://vidnext.net/load.php?*","http://vidembed.net/streaming.php?*","http://vidembed.net/load.php?*","http://vidstreaming.io/streaming.php?*","http://vidstreaming.io/load.php?*","http://www.vidcloud9.com/videos/*","http://www.vidnext.net/videos/*","http://www.vidembed.net/videos/*","http://www.vidnode.net/videos/*","http://www.vidstreaming.io/videos/*","http://www.vidcloud9.com/streaming.php?*","http://www.vidcloud9.com/load.php?*","http://www.vidnode.net/streaming.php?*","http://www.vidnode.net/load.php?*","http://www.vidnext.net/streaming.php?*","http://www.vidnext.net/load.php?*","http://www.vidembed.net/streaming.php?*","http://www.vidembed.net/load.php?*","http://www.vidstreaming.io/streaming.php?*","http://www.vidstreaming.io/load.php?*","http://gogo-stream.com/videos/*","http://gogo-stream.com/streaming.php?*","http://gogo-stream.com/load.php?*","http://www.gogo-stream.com/videos/*","http://www.gogo-stream.com/streaming.php?*","http://www.gogo-stream.com/load.php?*","http://gogo-play.net/videos/*","http://gogo-play.net/streaming.php?*","http://gogo-play.net/load.php?*","http://www.gogo-play.net/videos/*","http://www.gogo-play.net/streaming.php?*","http://www.gogo-play.net/load.php?*","http://streamani.net/videos/*","http://streamani.net/streaming.php?*","http://streamani.net/load.php?*","http://www.streamani.net/videos/*","http://www.streamani.net/streaming.php?*","http://www.streamani.net/load.php?*","http://database.gdriveplayer.me/google.php?*","http://database.gdriveplayer.me/player.php?*","http://databasegdriveplayer.me/google.php?*","http://databasegdriveplayer.me/player.php?*","http://database.gdriveplayer.io/google.php?*","http://database.gdriveplayer.io/player.php?*","http://databasegdriveplayer.io/google.php?*","http://databasegdriveplayer.io/player.php?*","http://database.gdriveplayer.us/google.php?*","http://database.gdriveplayer.us/player.php?*","http://databasegdriveplayer.us/google.php?*","http://databasegdriveplayer.us/player.php?*","http://databasegdriveplayer.xyz/google.php?*","http://databasegdriveplayer.xyz/player.php?*","http://databasegdriveplayer.co/google.php?*","http://databasegdriveplayer.co/player.php?*","http://www.playhydrax.com/*","http://play.hydracdn.network/*","https://movcloud.net/embed/*","https://www.movcloud.net/embed/*","https://cloud9.to/embed/*","https://www.cloud9.to/embed/*","https://vidcloud9.com/videos/*","https://vidnode.net/videos/*","https://vidnext.net/videos/*","https://vidembed.net/videos/*","https://vidstreaming.io/videos/*","https://vidcloud9.com/streaming.php?*","https://vidcloud9.com/load.php?*","https://vidnode.net/streaming.php?*","https://vidnode.net/load.php?*","https://vidnext.net/streaming.php?*","https://vidnext.net/load.php?*","https://vidembed.net/streaming.php?*","https://vidembed.net/load.php?*","https://vidstreaming.io/streaming.php?*","https://vidstreaming.io/load.php?*","https://www.vidcloud9.com/videos/*","https://www.vidnext.net/videos/*","https://www.vidembed.net/videos/*","https://www.vidnode.net/videos/*","https://www.vidstreaming.io/videos/*","https://www.vidcloud9.com/streaming.php?*","https://www.vidcloud9.com/load.php?*","https://www.vidnode.net/streaming.php?*","https://www.vidnode.net/load.php?*","https://www.vidnext.net/streaming.php?*","https://www.vidnext.net/load.php?*","https://www.vidembed.net/streaming.php?*","https://www.vidembed.net/load.php?*","https://www.vidstreaming.io/streaming.php?*","https://www.vidstreaming.io/load.php?*","https://gogo-stream.com/videos/*","https://gogo-stream.com/streaming.php?*","https://gogo-stream.com/load.php?*","https://www.gogo-stream.com/videos/*","https://www.gogo-stream.com/streaming.php?*","https://www.gogo-stream.com/load.php?*","https://gogo-play.net/videos/*","https://gogo-play.net/streaming.php?*","https://gogo-play.net/load.php?*","https://www.gogo-play.net/videos/*","https://www.gogo-play.net/streaming.php?*","https://www.gogo-play.net/load.php?*","https://streamani.net/videos/*","https://streamani.net/streaming.php?*","https://streamani.net/load.php?*","https://www.streamani.net/videos/*","https://www.streamani.net/streaming.php?*","https://www.streamani.net/load.php?*","https://database.gdriveplayer.me/google.php?*","https://database.gdriveplayer.me/player.php?*","https://databasegdriveplayer.me/google.php?*","https://databasegdriveplayer.me/player.php?*","https://database.gdriveplayer.io/google.php?*","https://database.gdriveplayer.io/player.php?*","https://databasegdriveplayer.io/google.php?*","https://databasegdriveplayer.io/player.php?*","https://database.gdriveplayer.us/google.php?*","https://database.gdriveplayer.us/player.php?*","https://databasegdriveplayer.us/google.php?*","https://databasegdriveplayer.us/player.php?*","https://databasegdriveplayer.xyz/google.php?*","https://databasegdriveplayer.xyz/player.php?*","https://databasegdriveplayer.co/google.php?*","https://databasegdriveplayer.co/player.php?*","https://www.playhydrax.com/*","https://play.hydracdn.network/*"],"merge_matches":true,"use_excludes":[],"orig_excludes":[],"merge_excludes":true,"use_connects":[],"merge_connects":true,"use_blockers":[],"orig_run_at":"document-start","orig_noframes":null,"orig_connects":[]}},"settings":{"enabled":true,"position":33},"meta":{"name":"movie/tv site direct link redirector/downloader","uuid":"f9093191-f6f3-45ab-b1a8-067437fdf719","modified":1632257515097,"file_url":"https://greasyfork.org/scripts/402234-movie-tv-site-direct-link-redirector-downloader/code/movietv%20site%20direct%20link%20redirectordownloader.user.js"}}