{"options":{"check_for_updates":true,"comment":null,"compatopts_for_requires":true,"compat_wrappedjsobject":false,"compat_metadata":false,"compat_foreach":false,"compat_prototypes":false,"noframes":null,"run_at":null,"override":{"use_includes":[],"orig_includes":["https://www.netflix.com/*","https://www.amazon.com/gp/video/*","https://www.amazon.de/gp/video/*","https://www.amazon.*/gp/video/*","https://www.amazon.*/gp/product/*","https://primevideo.com/region/*/detail/*","https://*.primevideo.com/region/*/detail/*","https://primevideo.com/detail/*","https://*.primevideo.com/detail/*","https://*.primevideo.com/*","https://www.peacocktv.com/watch/*","https://www.disneyplus.com//video/*","https://www.disneyplus.com/*/video/*"],"merge_includes":true,"use_matches":[],"orig_matches":[],"merge_matches":true,"use_excludes":[],"orig_excludes":[],"merge_excludes":true,"use_connects":[],"merge_connects":true,"use_blockers":[],"orig_run_at":"document-idle","orig_noframes":null}},"settings":{"enabled":true,"position":12},"meta":{"name":"Netflix Marathon","uuid":"b3ba3575-7fe4-4c57-88b0-7cf14008a9ee","modified":1619353872742,"file_url":"https://greasyfork.org/scripts/30029-netflix-marathon/code/Netflix%20Marathon.user.js"}}