{"options":{"check_for_updates":true,"comment":null,"compatopts_for_requires":true,"compat_wrappedjsobject":false,"compat_metadata":false,"compat_foreach":false,"compat_prototypes":false,"noframes":null,"run_at":null,"override":{"use_includes":[],"orig_includes":["http*://www.pixiv.net*"],"merge_includes":true,"use_matches":[],"orig_matches":["http://www.pixiv.net/"],"merge_matches":true,"use_excludes":[],"orig_excludes":[],"merge_excludes":true,"use_connects":[],"merge_connects":true,"use_blockers":[],"orig_run_at":"document-end","orig_noframes":true}},"settings":{"enabled":false,"position":8},"meta":{"name":"Pixiv Plus","uuid":"931431b7-ecf4-4155-8994-a8d248795842","modified":1614278911477,"file_url":"https://greasyfork.org/scripts/34153-pixiv-plus/code/Pixiv%20Plus.user.js"}}