{"options":{"check_for_updates":true,"comment":null,"compatopts_for_requires":true,"compat_wrappedjsobject":false,"compat_metadata":false,"compat_foreach":false,"compat_prototypes":true,"noframes":null,"run_at":null,"override":{"use_includes":[],"orig_includes":[],"merge_includes":true,"use_matches":[],"orig_matches":["https://www.pixiv.net/bookmark_new_illust.php*","https://www.pixiv.net/discovery*","https://www.pixiv.net/bookmark_detail.php?illust_id=*","https://www.pixiv.net/ranking.php*","https://www.pixiv.net/bookmark.php*","https://www.pixiv.net/search.php*","https://www.pixiv.net/*","https://www.pixiv.net/stacc*","https://www.pixiv.net/*artworks/*","https://www.pixiv.net/*tags/*","https://www.pixiv.net/*users/*"],"merge_matches":true,"use_excludes":[],"orig_excludes":[],"merge_excludes":true,"use_connects":[],"merge_connects":true,"use_blockers":[],"orig_run_at":"document-idle","orig_noframes":true}},"settings":{"enabled":false,"position":11},"meta":{"name":"Pixiv Arts Preview & Followed Atrists Coloring","uuid":"6c85927a-9de4-4958-8ed3-c227ab5d9c7a","modified":1619983854283,"file_url":"https://greasyfork.org/scripts/39387-pixiv-arts-preview-followed-atrists-coloring/code/Pixiv%20Arts%20Preview%20%20Followed%20Atrists%20Coloring.user.js"}}