{"options":{"check_for_updates":true,"comment":null,"compatopts_for_requires":true,"compat_wrappedjsobject":false,"compat_metadata":false,"compat_foreach":false,"compat_prototypes":false,"noframes":null,"run_at":null,"override":{"use_includes":[],"orig_includes":["https://*.youtube.com/*","https://*.youtube-nocookie.com/*"],"merge_includes":true,"use_matches":[],"orig_matches":["*://*.youtube.com/*","*://*.youtu.be/*"],"merge_matches":true,"use_excludes":[],"orig_excludes":["https://www.youtube.com/*/*.xml*","https://www.youtube.com/error"],"merge_excludes":true,"use_connects":[],"merge_connects":true,"use_blockers":[],"orig_run_at":"document-start","orig_noframes":null,"orig_connects":[]}},"settings":{"enabled":false,"position":29},"meta":{"name":"Plain old youtube (2020) | 7KT EDITION","uuid":"a8e478d9-86c0-43f4-8d1a-1f466e6cd050","modified":1632257514930,"file_url":"https://greasyfork.org/scripts/396442-plain-old-youtube-2020-7kt-edition/code/Plain%20old%20youtube%20(2020)%20%7C%207KT%20EDITION.user.js"}}