{"options":{"check_for_updates":true,"comment":null,"compatopts_for_requires":true,"compat_wrappedjsobject":false,"compat_metadata":false,"compat_foreach":false,"compat_prototypes":false,"noframes":null,"run_at":null,"override":{"use_includes":[],"orig_includes":[],"merge_includes":true,"use_matches":[],"orig_matches":["https://*/*","http://*/*"],"merge_matches":true,"use_excludes":[],"orig_excludes":[],"merge_excludes":true,"use_connects":[],"merge_connects":true,"use_blockers":[],"orig_run_at":"document-idle","orig_noframes":null,"orig_connects":["re.popupblockerscript.com","self","*"]}},"settings":{"enabled":true,"position":6},"meta":{"name":"Popup Blocker Script","uuid":"87f9bc73-a76b-4563-91ca-5a3914979089","modified":1632257514412,"file_url":"https://greasyfork.org/scripts/37654-popup-blocker-script/code/Popup%20Blocker%20Script.user.js"}}