{"data":{"dprm":"n1522579558540","pb_lastNotificationDisplay":"o{\"pop\":1619985093018}","pb_whitelist":"o[\"www.messenger.com\"]","sdc_data":"s{\"uid\":null,\"pid\":\"3b5ee87d439a8d5ec2617efeb3aea445\",\"lastFocusedUrl\":null,\"q\":\"https://duckduckgo.com/?q=paypal&ia=web&iai=r1-0&page=1&sexp=%7B%22biaexp%22%3A%22b%22%2C%22msvrtexp%22%3A%22b%22%7D\",\"hreferer\":\"\",\"_active\":\"https://duckduckgo.com/?q=paypal&ia=web&iai=r1-0&page=1&sexp=%7B%22biaexp%22%3A%22b%22%2C%22msvrtexp%22%3A%22b%22%7D\",\"prev\":\"https://duckduckgo.com/?q=paypal&ia=web\"}"},"ts":1632257473134}