{"options":{"check_for_updates":true,"comment":null,"compatopts_for_requires":true,"compat_wrappedjsobject":false,"compat_metadata":false,"compat_foreach":false,"compat_prototypes":false,"noframes":null,"run_at":null,"override":{"use_includes":[],"orig_includes":[],"merge_includes":true,"use_matches":[],"orig_matches":["https://www.quora.com/*"],"merge_matches":true,"use_excludes":[],"orig_excludes":[],"merge_excludes":true,"use_connects":[],"merge_connects":true,"use_blockers":[],"orig_run_at":"document-idle","orig_noframes":null}},"settings":{"enabled":false,"position":48},"meta":{"name":"Quora expand all the more buttons and comments","uuid":"33d1b709-7939-49c9-be06-7c38921cc353","modified":1617357673321,"file_url":"https://greasyfork.org/scripts/422214-quora-expand-all-the-more-buttons-and-comments/code/Quora%20expand%20all%20the%20more%20buttons%20and%20comments.user.js"}}