{"data":{"autosearchcache":"s{\"The Queen's Gambit\":{\"time\":\"2020-12-06T18:55:16.333Z\",\"json\":{\"autoComplete\":{\"totals\":{\"r30\":3,\"r70\":1,\"r150\":0,\"r170\":0,\"other\":0},\"results\":[{\"url\":\"https://www.metacritic.com/game/pc/garry-kasparov-teaches-chess-volume-1---how-to-play-the-queens-gambit\",\"name\":\"Garry Kasparov Teaches Chess Volume 1 - How to Play the Queen's Gambit\",\"itemDate\":\"March 2005\",\"imagePath\":\"https://static.metacritic.com/images/products/games/2/9fd134aef628d821d6fb74f4ee2dc193-98.jpg\",\"metaScore\":null,\"scoreWord\":null,\"refType\":\"PC Game\",\"refTypeId\":30},{\"url\":\"https://www.metacritic.com/game/pc/arma-queens-gambit\",\"name\":\"ArmA: Queen's Gambit\",\"itemDate\":\"2007\",\"imagePath\":\"https://static.metacritic.com/images/products/games/2/e91ffa5fc3e363133aeb00e36ff9274c-98.jpg\",\"metaScore\":67,\"scoreWord\":\"mixed\",\"refType\":\"PC Game\",\"refTypeId\":30},{\"url\":\"https://www.metacritic.com/game/ios/queens-gambit\",\"name\":\"Queen's Gambit\",\"itemDate\":\"2014\",\"imagePath\":\"https://static.metacritic.com/images/products/games/0/14f1042fa7b051a4f0b98cfab9693f3f-98.jpg\",\"metaScore\":null,\"scoreWord\":\"mixed\",\"refType\":\"iOS Game\",\"refTypeId\":30},{\"url\":\"https://www.metacritic.com/tv/the-queens-gambit\",\"name\":\"The Queen's Gambit\",\"itemDate\":\"2020\",\"imagePath\":\"https://static.metacritic.com/images/products/tv/2/d70e438dc84ed7bfae7d306a42f282ed-98.jpg\",\"metaScore\":79,\"scoreWord\":\"favorable\",\"refType\":\"TV\",\"refTypeId\":70}]}}}}","black":"s[]","gdpr":"btrue","hovercache":"s{\"https://www.metacritic.com/movie/arrival\":{\"readyState\":4,\"responseHeaders\":\"accept-ranges: bytes\\r\\ncache-control: max-age=0, private\\r\\ncontent-encoding: gzip\\r\\ncontent-length: 1145\\r\\ncontent-security-policy: frame-ancestors 'self';\\r\\ncontent-type: text/html; charset=UTF-8\\r\\ndate: Tue, 13 Apr 2021 09:18:52 GMT\\r\\nstrict-transport-security: max-age=63072000; includeSubDomains; preload\\r\\nvary: Accept-Encoding\\r\\nx-timer: S1618305528.400139,VS0,VE4095\\r\\n\",\"finalUrl\":\"https://www.metacritic.com/movie/arrival\",\"status\":200,\"statusText\":\"\",\"time\":\"2021-04-13T09:18:52.515Z\",\"UNSENT\":0,\"OPENED\":1,\"HEADERS_RECEIVED\":2,\"LOADING\":3,\"DONE\":4,\"responseText\":\"        \\n\\n    <div class=\\\"hoverinfo\\\">\\n        <div class=\\\"hover_left\\\">\\n            <div class=\\\"product_image_wrapper\\\">\\n                <a href=\\\"/movie/arrival\\\">\\n                    <img class=\\\"product_image large_image\\\" src=\\\"https://static.metacritic.com/images/products/movies/8/e87cd20a7ef2e57a82a5c05b4fa0171e-98.jpg\\\" alt=\\\"Arrival Image\\\" />\\n                </a>\\n            </div>\\n        </div>\\n        <div class=\\\"hover_right\\\">\\n            <h2 class=\\\"product_title\\\">\\n                <a href=\\\"/movie/arrival\\\">Arrival</a>            </h2>\\n            <div>\\n                                    <div class=\\\"summary_detail publisher\\\">\\n                        <span class=\\\"data\\\">Paramount Pictures</span>\\n                        <span>&nbsp;|&nbsp;&nbsp;</span>\\n                    </div>\\n                                <div class=\\\"summary_detail release_data\\\">\\n                    <span class=\\\"label\\\">Release Date:</span>\\n                                            <span class=\\\"data\\\">Nov 11, 2016</span>\\n                                    </div>\\n                <div class=\\\"clr\\\"></div>\\n            </div>\\n            <div>\\n                                    <div class=\\\"summary_detail product_credits\\\">\\n                        <span class=\\\"label\\\">Starring:</span>\\n                        <span class=\\\"data\\\">\\n                                                            <a href=\\\"/person/amy-adams\\\">Amy Adams</a>,                                                            <a href=\\\"/person/forest-whitaker\\\">Forest Whitaker</a>,                                                            <a href=\\\"/person/jeremy-renner\\\">Jeremy Renner</a>,                                                            <a href=\\\"/person/michael-stuhlbarg\\\">Michael Stuhlbarg</a>                                                    </span>\\n                    </div>\\n                            </div>\\n            <div class=\\\"hr\\\">\\n                &nbsp;\\n            </div>\\n\\n            \\n        \\n\\n    <table class=\\\"hover_scores prime\\\">\\n    <tr>\\n        <td class=\\\"meta num\\\">\\n            \\n\\n        \\n    <a class=\\\"metascore_anchor\\\" href=\\\"/movie/arrival/critic-reviews\\\">\\n<span class=\\\"metascore_w med_small movie positive\\\">81</span>\\n    </a>\\n\\n        </td>\\n        <td class=\\\"meta txt\\\">\\n            <div class=\\\"metascore_label\\\">Metascore</div>\\n            <div class=\\\"metascore_review_count\\\">\\n                <a href=\\\"/movie/arrival/critic-reviews\\\">\\n                        \\n<span>52</span> critics\\n\\n                </a>\\n            </div>\\n        </td>\\n        <td class=\\\"usr num\\\">\\n                    \\n    <a class=\\\"metascore_anchor\\\" href=\\\"/movie/arrival/user-reviews\\\">\\n<span class=\\\"metascore_w user med_small movie positive\\\">8.1</span>\\n    </a>\\n\\n        </td>\\n        <td class=\\\"usr txt\\\">\\n            <div class=\\\"userscore_label\\\">User Score</div>\\n            <div class=\\\"userscore_review_count\\\">\\n                                    <a href=\\\"/movie/arrival/user-reviews\\\">\\n                        <span>1838</span> Ratings                    </a>\\n                            </div>\\n        </td>\\n                    <td class=\\\"hover_esite\\\">\\n                <div class=\\\"esite_list\\\"><div class=\\\"esite_items clearfix list_expand_wrapper\\\">\\n    \\n        \\n    <div class=\\\"esite_btn_wrapper\\\">\\n        <div class=\\\"esite_btn esite_amazon esite_amazonbuy\\\" title=\\\"Buy from Amazon\\\">\\n            <table>\\n                <tr>\\n                    <td class=\\\"esite_label_wrapper\\\">\\n                        <span>Buy On</span>\\n                    </td>\\t \\n                    <td class=\\\"esite_img_wrapper\\\">\\n                        <a rel=\\\"nofollow noopener\\\" target=\\\"_blank\\\" class=\\\"esite_url\\\" href=\\\"https://www.amazon.com/dp/B01MDTS4VZ%3Ftag%3Dmetacritic-movies-20%26linkCode%3Dosi%26th%3D1%26psc%3D1\\\"\\n                            data-leadtype=\\\"Physical Product\\\" data-leadtag=\\\"metacritic-movies-20\\\" data-leadid=\\\"1\\\" data-leadname=\\\"amazon\\\" data-leadplace=\\\"hover\\\"\\n                                                    >\\n                            <img src=\\\"/images/buttons/esites/amazondotcom_30.png\\\" alt=\\\"\\\">\\n                        </a>\\n                    </td>\\n                </tr>\\n            </table>\\n        </div>\\n    </div>\\n</div><script type=\\\"text/javascript\\\">window.eventAmazonBuyView = true;</script></div>\\n            </td>\\n            </tr>\\n</table>\\n\\n\\n        </div>\\n\\n        <div class=\\\"clr\\\"></div>\\n    </div>\\n\\n\",\"cached\":true},\"https://www.metacritic.com/movie/shutter-island\":{\"readyState\":4,\"responseHeaders\":\"accept-ranges: bytes\\r\\ncache-control: max-age=0, private\\r\\ncontent-encoding: gzip\\r\\ncontent-length: 1143\\r\\ncontent-security-policy: frame-ancestors 'self';\\r\\ncontent-type: text/html; charset=UTF-8\\r\\ndate: Tue, 13 Apr 2021 09:20:43 GMT\\r\\nstrict-transport-security: max-age=63072000; includeSubDomains; preload\\r\\nvary: Accept-Encoding\\r\\nx-timer: S1618305643.195560,VS0,VE748\\r\\n\",\"finalUrl\":\"https://www.metacritic.com/movie/shutter-island\",\"status\":200,\"statusText\":\"\",\"time\":\"2021-04-13T09:20:45.314Z\",\"UNSENT\":0,\"OPENED\":1,\"HEADERS_RECEIVED\":2,\"LOADING\":3,\"DONE\":4,\"responseText\":\"        \\n\\n    <div class=\\\"hoverinfo\\\">\\n        <div class=\\\"hover_left\\\">\\n            <div class=\\\"product_image_wrapper\\\">\\n                <a href=\\\"/movie/shutter-island\\\">\\n                    <img class=\\\"product_image large_image\\\" src=\\\"https://static.metacritic.com/images/products/movies/3/db947101e260873d083b8f3a1f6e2ccb-98.jpg\\\" alt=\\\"Shutter Island Image\\\" />\\n                </a>\\n            </div>\\n        </div>\\n        <div class=\\\"hover_right\\\">\\n            <h2 class=\\\"product_title\\\">\\n                <a href=\\\"/movie/shutter-island\\\">Shutter Island</a>            </h2>\\n            <div>\\n                                    <div class=\\\"summary_detail publisher\\\">\\n                        <span class=\\\"data\\\">Paramount Pictures</span>\\n                        <span>&nbsp;|&nbsp;&nbsp;</span>\\n                    </div>\\n                                <div class=\\\"summary_detail release_data\\\">\\n                    <span class=\\\"label\\\">Release Date:</span>\\n                                            <span class=\\\"data\\\">Feb 19, 2010</span>\\n                                    </div>\\n                <div class=\\\"clr\\\"></div>\\n            </div>\\n            <div>\\n                                    <div class=\\\"summary_detail product_credits\\\">\\n                        <span class=\\\"label\\\">Starring:</span>\\n                        <span class=\\\"data\\\">\\n                                                            <a href=\\\"/person/emily-mortimer\\\">Emily Mortimer</a>,                                                            <a href=\\\"/person/leonardo-dicaprio\\\">Leonardo DiCaprio</a>,                                                            <a href=\\\"/person/mark-ruffalo\\\">Mark Ruffalo</a>                                                    </span>\\n                    </div>\\n                            </div>\\n            <div class=\\\"hr\\\">\\n                &nbsp;\\n            </div>\\n\\n            \\n        \\n\\n    <table class=\\\"hover_scores prime\\\">\\n    <tr>\\n        <td class=\\\"meta num\\\">\\n            \\n\\n        \\n    <a class=\\\"metascore_anchor\\\" href=\\\"/movie/shutter-island/critic-reviews\\\">\\n<span class=\\\"metascore_w med_small movie positive\\\">63</span>\\n    </a>\\n\\n        </td>\\n        <td class=\\\"meta txt\\\">\\n            <div class=\\\"metascore_label\\\">Metascore</div>\\n            <div class=\\\"metascore_review_count\\\">\\n                <a href=\\\"/movie/shutter-island/critic-reviews\\\">\\n                        \\n<span>37</span> critics\\n\\n                </a>\\n            </div>\\n        </td>\\n        <td class=\\\"usr num\\\">\\n                    \\n    <a class=\\\"metascore_anchor\\\" href=\\\"/movie/shutter-island/user-reviews\\\">\\n<span class=\\\"metascore_w user med_small movie positive\\\">8.5</span>\\n    </a>\\n\\n        </td>\\n        <td class=\\\"usr txt\\\">\\n            <div class=\\\"userscore_label\\\">User Score</div>\\n            <div class=\\\"userscore_review_count\\\">\\n                                    <a href=\\\"/movie/shutter-island/user-reviews\\\">\\n                        <span>1423</span> Ratings                    </a>\\n                            </div>\\n        </td>\\n                    <td class=\\\"hover_esite\\\">\\n                <div class=\\\"esite_list\\\"><div class=\\\"esite_items clearfix list_expand_wrapper\\\">\\n    \\n        \\n    <div class=\\\"esite_btn_wrapper\\\">\\n        <div class=\\\"esite_btn esite_amazon esite_amazonbuy\\\" title=\\\"Buy from Amazon\\\">\\n            <table>\\n                <tr>\\n                    <td class=\\\"esite_label_wrapper\\\">\\n                        <span>Buy On</span>\\n                    </td>\\t \\n                    <td class=\\\"esite_img_wrapper\\\">\\n                        <a rel=\\\"nofollow noopener\\\" target=\\\"_blank\\\" class=\\\"esite_url\\\" href=\\\"https://www.amazon.com/dp/B07RXK15NL%3Ftag%3Dmetacritic-movies-20%26linkCode%3Dosi%26th%3D1%26psc%3D1\\\"\\n                            data-leadtype=\\\"Physical Product\\\" data-leadtag=\\\"metacritic-movies-20\\\" data-leadid=\\\"1\\\" data-leadname=\\\"amazon\\\" data-leadplace=\\\"hover\\\"\\n                                                    >\\n                            <img src=\\\"/images/buttons/esites/amazondotcom_30.png\\\" alt=\\\"\\\">\\n                        </a>\\n                    </td>\\n                </tr>\\n            </table>\\n        </div>\\n    </div>\\n</div><script type=\\\"text/javascript\\\">window.eventAmazonBuyView = true;</script></div>\\n            </td>\\n            </tr>\\n</table>\\n\\n\\n        </div>\\n\\n        <div class=\\\"clr\\\"></div>\\n    </div>\\n\\n\",\"cached\":true},\"https://www.metacritic.com/movie/predestination\":{\"readyState\":4,\"responseHeaders\":\"accept-ranges: bytes\\r\\ncache-control: max-age=0, private\\r\\ncontent-encoding: gzip\\r\\ncontent-length: 1165\\r\\ncontent-security-policy: frame-ancestors 'self';\\r\\ncontent-type: text/html; charset=UTF-8\\r\\ndate: Tue, 13 Apr 2021 09:23:05 GMT\\r\\nstrict-transport-security: max-age=63072000; includeSubDomains; preload\\r\\nvary: Accept-Encoding\\r\\nx-timer: S1618305784.206506,VS0,VE881\\r\\n\",\"finalUrl\":\"https://www.metacritic.com/movie/predestination\",\"status\":200,\"statusText\":\"\",\"time\":\"2021-04-13T09:23:05.387Z\",\"UNSENT\":0,\"OPENED\":1,\"HEADERS_RECEIVED\":2,\"LOADING\":3,\"DONE\":4,\"responseText\":\"        \\n\\n    <div class=\\\"hoverinfo\\\">\\n        <div class=\\\"hover_left\\\">\\n            <div class=\\\"product_image_wrapper\\\">\\n                <a href=\\\"/movie/predestination\\\">\\n                    <img class=\\\"product_image large_image\\\" src=\\\"https://static.metacritic.com/images/products/movies/7/563e50a0e7880b1214e69118f401d79d-98.jpg\\\" alt=\\\"Predestination Image\\\" />\\n                </a>\\n            </div>\\n        </div>\\n        <div class=\\\"hover_right\\\">\\n            <h2 class=\\\"product_title\\\">\\n                <a href=\\\"/movie/predestination\\\">Predestination</a>            </h2>\\n            <div>\\n                                    <div class=\\\"summary_detail publisher\\\">\\n                        <span class=\\\"data\\\">Stage 6 Films</span>\\n                        <span>&nbsp;|&nbsp;&nbsp;</span>\\n                    </div>\\n                                <div class=\\\"summary_detail release_data\\\">\\n                    <span class=\\\"label\\\">Release Date:</span>\\n                                            <span class=\\\"data\\\">Jan 9, 2015</span>\\n                                    </div>\\n                <div class=\\\"clr\\\"></div>\\n            </div>\\n            <div>\\n                                    <div class=\\\"summary_detail product_credits\\\">\\n                        <span class=\\\"label\\\">Starring:</span>\\n                        <span class=\\\"data\\\">\\n                                                            <a href=\\\"/person/ethan-hawke\\\">Ethan Hawke</a>,                                                            <a href=\\\"/person/freya-stafford\\\">Freya Stafford</a>,                                                            <a href=\\\"/person/madeleine-west\\\">Madeleine West</a>,                                                            <a href=\\\"/person/noah-taylor\\\">Noah Taylor</a>,                                                            <a href=\\\"/person/sarah-snook\\\">Sarah Snook</a>                                                    </span>\\n                    </div>\\n                            </div>\\n            <div class=\\\"hr\\\">\\n                &nbsp;\\n            </div>\\n\\n            \\n        \\n\\n    <table class=\\\"hover_scores prime\\\">\\n    <tr>\\n        <td class=\\\"meta num\\\">\\n            \\n\\n        \\n    <a class=\\\"metascore_anchor\\\" href=\\\"/movie/predestination/critic-reviews\\\">\\n<span class=\\\"metascore_w med_small movie positive\\\">69</span>\\n    </a>\\n\\n        </td>\\n        <td class=\\\"meta txt\\\">\\n            <div class=\\\"metascore_label\\\">Metascore</div>\\n            <div class=\\\"metascore_review_count\\\">\\n                <a href=\\\"/movie/predestination/critic-reviews\\\">\\n                        \\n<span>28</span> critics\\n\\n                </a>\\n            </div>\\n        </td>\\n        <td class=\\\"usr num\\\">\\n                    \\n    <a class=\\\"metascore_anchor\\\" href=\\\"/movie/predestination/user-reviews\\\">\\n<span class=\\\"metascore_w user med_small movie positive\\\">7.9</span>\\n    </a>\\n\\n        </td>\\n        <td class=\\\"usr txt\\\">\\n            <div class=\\\"userscore_label\\\">User Score</div>\\n            <div class=\\\"userscore_review_count\\\">\\n                                    <a href=\\\"/movie/predestination/user-reviews\\\">\\n                        <span>331</span> Ratings                    </a>\\n                            </div>\\n        </td>\\n                    <td class=\\\"hover_esite\\\">\\n                <div class=\\\"esite_list\\\"><div class=\\\"esite_items clearfix list_expand_wrapper\\\">\\n    \\n        \\n    <div class=\\\"esite_btn_wrapper\\\">\\n        <div class=\\\"esite_btn esite_amazon esite_amazonbuy\\\" title=\\\"Buy from Amazon\\\">\\n            <table>\\n                <tr>\\n                    <td class=\\\"esite_label_wrapper\\\">\\n                        <span>Buy On</span>\\n                    </td>\\t \\n                    <td class=\\\"esite_img_wrapper\\\">\\n                        <a rel=\\\"nofollow noopener\\\" target=\\\"_blank\\\" class=\\\"esite_url\\\" href=\\\"https://www.amazon.com/dp/B00QGL1P5G%3Ftag%3Dmetacritic-movies-20%26linkCode%3Dosi%26th%3D1%26psc%3D1\\\"\\n                            data-leadtype=\\\"Physical Product\\\" data-leadtag=\\\"metacritic-movies-20\\\" data-leadid=\\\"1\\\" data-leadname=\\\"amazon\\\" data-leadplace=\\\"hover\\\"\\n                                                    >\\n                            <img src=\\\"/images/buttons/esites/amazondotcom_30.png\\\" alt=\\\"\\\">\\n                        </a>\\n                    </td>\\n                </tr>\\n            </table>\\n        </div>\\n    </div>\\n</div><script type=\\\"text/javascript\\\">window.eventAmazonBuyView = true;</script></div>\\n            </td>\\n            </tr>\\n</table>\\n\\n\\n        </div>\\n\\n        <div class=\\\"clr\\\"></div>\\n    </div>\\n\\n\",\"cached\":true},\"https://www.metacritic.com/movie/good-will-hunting\":{\"readyState\":4,\"responseHeaders\":\"accept-ranges: bytes\\r\\ncache-control: max-age=0, private\\r\\ncontent-encoding: gzip\\r\\ncontent-length: 1134\\r\\ncontent-security-policy: frame-ancestors 'self';\\r\\ncontent-type: text/html; charset=UTF-8\\r\\ndate: Tue, 13 Apr 2021 09:23:34 GMT\\r\\nstrict-transport-security: max-age=63072000; includeSubDomains; preload\\r\\nvary: Accept-Encoding\\r\\nx-timer: S1618305813.197891,VS0,VE1315\\r\\n\",\"finalUrl\":\"https://www.metacritic.com/movie/good-will-hunting\",\"status\":200,\"statusText\":\"\",\"time\":\"2021-04-13T09:23:34.921Z\",\"UNSENT\":0,\"OPENED\":1,\"HEADERS_RECEIVED\":2,\"LOADING\":3,\"DONE\":4,\"responseText\":\"        \\n\\n    <div class=\\\"hoverinfo\\\">\\n        <div class=\\\"hover_left\\\">\\n            <div class=\\\"product_image_wrapper\\\">\\n                <a href=\\\"/movie/good-will-hunting\\\">\\n                    <img class=\\\"product_image large_image\\\" src=\\\"https://static.metacritic.com/images/products/movies/5/e205073447ba8d3c71eeac0fd09871a3-98.jpg\\\" alt=\\\"Good Will Hunting Image\\\" />\\n                </a>\\n            </div>\\n        </div>\\n        <div class=\\\"hover_right\\\">\\n            <h2 class=\\\"product_title\\\">\\n                <a href=\\\"/movie/good-will-hunting\\\">Good Will Hunting</a>            </h2>\\n            <div>\\n                                    <div class=\\\"summary_detail publisher\\\">\\n                        <span class=\\\"data\\\">Miramax Films</span>\\n                        <span>&nbsp;|&nbsp;&nbsp;</span>\\n                    </div>\\n                                <div class=\\\"summary_detail release_data\\\">\\n                    <span class=\\\"label\\\">Release Date:</span>\\n                                            <span class=\\\"data\\\">Dec 5, 1997</span>\\n                                    </div>\\n                <div class=\\\"clr\\\"></div>\\n            </div>\\n            <div>\\n                                    <div class=\\\"summary_detail product_credits\\\">\\n                        <span class=\\\"label\\\">Starring:</span>\\n                        <span class=\\\"data\\\">\\n                                                            <a href=\\\"/person/ben-affleck\\\">Ben Affleck</a>,                                                            <a href=\\\"/person/matt-damon\\\">Matt Damon</a>,                                                            <a href=\\\"/person/robin-williams\\\">Robin Williams</a>                                                    </span>\\n                    </div>\\n                            </div>\\n            <div class=\\\"hr\\\">\\n                &nbsp;\\n            </div>\\n\\n            \\n        \\n\\n    <table class=\\\"hover_scores prime\\\">\\n    <tr>\\n        <td class=\\\"meta num\\\">\\n            \\n\\n        \\n    <a class=\\\"metascore_anchor\\\" href=\\\"/movie/good-will-hunting/critic-reviews\\\">\\n<span class=\\\"metascore_w med_small movie positive\\\">70</span>\\n    </a>\\n\\n        </td>\\n        <td class=\\\"meta txt\\\">\\n            <div class=\\\"metascore_label\\\">Metascore</div>\\n            <div class=\\\"metascore_review_count\\\">\\n                <a href=\\\"/movie/good-will-hunting/critic-reviews\\\">\\n                        \\n<span>28</span> critics\\n\\n                </a>\\n            </div>\\n        </td>\\n        <td class=\\\"usr num\\\">\\n                    \\n    <a class=\\\"metascore_anchor\\\" href=\\\"/movie/good-will-hunting/user-reviews\\\">\\n<span class=\\\"metascore_w user med_small movie positive\\\">8.8</span>\\n    </a>\\n\\n        </td>\\n        <td class=\\\"usr txt\\\">\\n            <div class=\\\"userscore_label\\\">User Score</div>\\n            <div class=\\\"userscore_review_count\\\">\\n                                    <a href=\\\"/movie/good-will-hunting/user-reviews\\\">\\n                        <span>535</span> Ratings                    </a>\\n                            </div>\\n        </td>\\n                    <td class=\\\"hover_esite\\\">\\n                <div class=\\\"esite_list\\\"><div class=\\\"esite_items clearfix list_expand_wrapper\\\">\\n    \\n        \\n    <div class=\\\"esite_btn_wrapper\\\">\\n        <div class=\\\"esite_btn esite_amazon esite_amazonbuy\\\" title=\\\"Buy from Amazon\\\">\\n            <table>\\n                <tr>\\n                    <td class=\\\"esite_label_wrapper\\\">\\n                        <span>Buy On</span>\\n                    </td>\\t \\n                    <td class=\\\"esite_img_wrapper\\\">\\n                        <a rel=\\\"nofollow noopener\\\" target=\\\"_blank\\\" class=\\\"esite_url\\\" href=\\\"https://www.amazon.com/dp/B008Y71BA4%3Ftag%3Dmetacritic-movies-20%26linkCode%3Dosi%26th%3D1%26psc%3D1\\\"\\n                            data-leadtype=\\\"Physical Product\\\" data-leadtag=\\\"metacritic-movies-20\\\" data-leadid=\\\"1\\\" data-leadname=\\\"amazon\\\" data-leadplace=\\\"hover\\\"\\n                                                    >\\n                            <img src=\\\"/images/buttons/esites/amazondotcom_30.png\\\" alt=\\\"\\\">\\n                        </a>\\n                    </td>\\n                </tr>\\n            </table>\\n        </div>\\n    </div>\\n</div><script type=\\\"text/javascript\\\">window.eventAmazonBuyView = true;</script></div>\\n            </td>\\n            </tr>\\n</table>\\n\\n\\n        </div>\\n\\n        <div class=\\\"clr\\\"></div>\\n    </div>\\n\\n\",\"cached\":true}}","map":"s{}","requestcache":"s{\"{\\\"method\\\":\\\"POST\\\",\\\"url\\\":\\\"https://php-cuzi.herokuapp.com/r.php\\\",\\\"data\\\":\\\"m=imdb.com%2Ftitle%2Ftt13427612%2F&a=https%3A%2F%2Fwww.metacritic.com%2Ftv%2Fsigseu-senseu\\\",\\\"headers\\\":{\\\"Referer\\\":\\\"https://php-cuzi.herokuapp.com/r.php\\\",\\\"User-Agent\\\":\\\"Mozilla/5.0 (Windows NT 10.0; Win64; x64) AppleWebKit/537.36 (KHTML, like Gecko) Chrome/91.0.4471.0 Safari/537.36 Edg/91.0.864.1\\\",\\\"Content-Type\\\":\\\"application/x-www-form-urlencoded; charset=UTF-8\\\"}}\":{\"readyState\":4,\"responseHeaders\":\"connection: keep-alive\\r\\ncontent-type: text/html; charset=UTF-8\\r\\ndate: Mon, 26 Apr 2021 20:52:15 GMT\\r\\nserver: Apache\\r\\ntransfer-encoding: chunked\\r\\nvia: 1.1 vegur\\r\\n\",\"finalUrl\":\"https://php-cuzi.herokuapp.com/r.php\",\"status\":200,\"statusText\":\"OK\",\"UNSENT\":0,\"OPENED\":1,\"HEADERS_RECEIVED\":2,\"LOADING\":3,\"DONE\":4,\"responseText\":\"{\\\"jsonRedirect\\\":\\\"/tv/sigseu-senseu\\\", \\\"blacklist\\\":[] }\",\"cached\":true,\"time\":\"2021-04-26T20:52:15.891Z\"},\"{\\\"method\\\":\\\"POST\\\",\\\"url\\\":\\\"https://www.metacritic.com/tv/sigseu-senseu\\\",\\\"data\\\":\\\"hoverinfo=1\\\",\\\"headers\\\":{\\\"Referer\\\":\\\"https://www.metacritic.com/tv/sigseu-senseu\\\",\\\"User-Agent\\\":\\\"Mozilla/5.0 (Windows NT 10.0; Win64; x64) AppleWebKit/537.36 (KHTML, like Gecko) Chrome/91.0.4471.0 Safari/537.36 Edg/91.0.864.1\\\",\\\"Content-Type\\\":\\\"application/x-www-form-urlencoded; charset=UTF-8\\\",\\\"X-Requested-With\\\":\\\"XMLHttpRequest\\\"}}\":{\"readyState\":4,\"responseHeaders\":\"accept-ranges: bytes\\r\\ncache-control: max-age=0, private\\r\\ncontent-length: 0\\r\\ndate: Mon, 26 Apr 2021 20:52:17 GMT\\r\\nmc-user: error\\r\\nstrict-transport-security: max-age=63072000; includeSubDomains; preload\\r\\nvary: Accept-Encoding\\r\\nx-timer: S1619470336.210470,VS0,VE1072\\r\\n\",\"finalUrl\":\"https://www.metacritic.com/tv/sigseu-senseu\",\"status\":504,\"statusText\":\"\",\"UNSENT\":0,\"OPENED\":1,\"HEADERS_RECEIVED\":2,\"LOADING\":3,\"DONE\":4,\"responseText\":\"undefined\",\"cached\":true,\"time\":\"2021-04-26T20:52:17.375Z\"},\"{\\\"method\\\":\\\"GET\\\",\\\"url\\\":\\\"https://www.metacritic.com/tv/sigseu-senseu\\\",\\\"headers\\\":{\\\"Referer\\\":\\\"https://www.metacritic.com/tv/sigseu-senseu\\\",\\\"User-Agent\\\":\\\"Mozilla/5.0 (Windows NT 10.0; Win64; x64) AppleWebKit/537.36 (KHTML, like Gecko) Chrome/91.0.4471.0 Safari/537.36 Edg/91.0.864.1\\\"}}\":{\"readyState\":4,\"responseHeaders\":\"accept-ranges: bytes\\r\\ncache-control: max-age=0, private\\r\\ncontent-length: 0\\r\\ndate: Mon, 26 Apr 2021 20:52:21 GMT\\r\\nmc-user: error\\r\\nstrict-transport-security: max-age=63072000; includeSubDomains; preload\\r\\nvary: Accept-Encoding\\r\\nx-timer: S1619470339.492433,VS0,VE1707\\r\\n\",\"finalUrl\":\"https://www.metacritic.com/tv/sigseu-senseu\",\"status\":504,\"statusText\":\"\",\"UNSENT\":0,\"OPENED\":1,\"HEADERS_RECEIVED\":2,\"LOADING\":3,\"DONE\":4,\"responseText\":\"undefined\",\"cached\":true,\"time\":\"2021-04-26T20:52:21.301Z\"},\"{\\\"method\\\":\\\"POST\\\",\\\"url\\\":\\\"https://php-cuzi.herokuapp.com/r.php\\\",\\\"data\\\":\\\"m=imdb.com%2Ftitle%2Ftt2185037%2F&a=https%3A%2F%2Fwww.metacritic.com%2Ftv%2Fleonning-maen\\\",\\\"headers\\\":{\\\"Referer\\\":\\\"https://php-cuzi.herokuapp.com/r.php\\\",\\\"User-Agent\\\":\\\"Mozilla/5.0 (Windows NT 10.0; Win64; x64) AppleWebKit/537.36 (KHTML, like Gecko) Chrome/91.0.4471.0 Safari/537.36 Edg/91.0.864.1\\\",\\\"Content-Type\\\":\\\"application/x-www-form-urlencoded; charset=UTF-8\\\"}}\":{\"readyState\":4,\"responseHeaders\":\"connection: keep-alive\\r\\ncontent-type: text/html; charset=UTF-8\\r\\ndate: Mon, 26 Apr 2021 20:52:58 GMT\\r\\nserver: Apache\\r\\ntransfer-encoding: chunked\\r\\nvia: 1.1 vegur\\r\\n\",\"finalUrl\":\"https://php-cuzi.herokuapp.com/r.php\",\"status\":200,\"statusText\":\"OK\",\"UNSENT\":0,\"OPENED\":1,\"HEADERS_RECEIVED\":2,\"LOADING\":3,\"DONE\":4,\"responseText\":\"{\\\"jsonRedirect\\\":\\\"/tv/leonning-maen\\\", \\\"blacklist\\\":[] }\",\"cached\":true,\"time\":\"2021-04-26T20:52:58.799Z\"},\"{\\\"method\\\":\\\"POST\\\",\\\"url\\\":\\\"https://www.metacritic.com/tv/leonning-maen\\\",\\\"data\\\":\\\"hoverinfo=1\\\",\\\"headers\\\":{\\\"Referer\\\":\\\"https://www.metacritic.com/tv/leonning-maen\\\",\\\"User-Agent\\\":\\\"Mozilla/5.0 (Windows NT 10.0; Win64; x64) AppleWebKit/537.36 (KHTML, like Gecko) Chrome/91.0.4471.0 Safari/537.36 Edg/91.0.864.1\\\",\\\"Content-Type\\\":\\\"application/x-www-form-urlencoded; charset=UTF-8\\\",\\\"X-Requested-With\\\":\\\"XMLHttpRequest\\\"}}\":{\"readyState\":4,\"responseHeaders\":\"accept-ranges: bytes\\r\\ncache-control: max-age=0, private\\r\\ncontent-length: 0\\r\\ndate: Mon, 26 Apr 2021 20:52:59 GMT\\r\\nmc-user: error\\r\\nstrict-transport-security: max-age=63072000; includeSubDomains; preload\\r\\nvary: Accept-Encoding\\r\\nx-timer: S1619470379.892445,VS0,VE638\\r\\n\",\"finalUrl\":\"https://www.metacritic.com/tv/leonning-maen\",\"status\":504,\"statusText\":\"\",\"UNSENT\":0,\"OPENED\":1,\"HEADERS_RECEIVED\":2,\"LOADING\":3,\"DONE\":4,\"responseText\":\"undefined\",\"cached\":true,\"time\":\"2021-04-26T20:52:59.668Z\"},\"{\\\"method\\\":\\\"GET\\\",\\\"url\\\":\\\"https://www.metacritic.com/tv/leonning-maen\\\",\\\"headers\\\":{\\\"Referer\\\":\\\"https://www.metacritic.com/tv/leonning-maen\\\",\\\"User-Agent\\\":\\\"Mozilla/5.0 (Windows NT 10.0; Win64; x64) AppleWebKit/537.36 (KHTML, like Gecko) Chrome/91.0.4471.0 Safari/537.36 Edg/91.0.864.1\\\"}}\":{\"readyState\":4,\"responseHeaders\":\"accept-ranges: bytes\\r\\ncache-control: max-age=0, private\\r\\ncontent-length: 0\\r\\ndate: Mon, 26 Apr 2021 20:53:06 GMT\\r\\nmc-user: error\\r\\nstrict-transport-security: max-age=63072000; includeSubDomains; preload\\r\\nvary: Accept-Encoding\\r\\nx-timer: S1619470382.794860,VS0,VE4340\\r\\n\",\"finalUrl\":\"https://www.metacritic.com/tv/leonning-maen\",\"status\":504,\"statusText\":\"\",\"UNSENT\":0,\"OPENED\":1,\"HEADERS_RECEIVED\":2,\"LOADING\":3,\"DONE\":4,\"responseText\":\"undefined\",\"cached\":true,\"time\":\"2021-04-26T20:53:06.225Z\"}}","searchcache":"s{}","temporaryblack":"s{\"movie/soul\":\"2021-03-15T17:09:42.511Z\"}","version":"n55"},"ts":1632257473342}