{"options":{"check_for_updates":true,"comment":null,"compatopts_for_requires":true,"compat_wrappedjsobject":false,"compat_metadata":false,"compat_foreach":false,"compat_prototypes":false,"noframes":null,"run_at":null,"override":{"use_includes":[],"orig_includes":[],"merge_includes":true,"use_matches":[],"orig_matches":["https://www.youtube.com/*"],"merge_matches":true,"use_excludes":[],"orig_excludes":[],"merge_excludes":true,"use_connects":[],"merge_connects":true,"use_blockers":[],"orig_run_at":"document-start","orig_noframes":null}},"settings":{"enabled":true,"position":44},"meta":{"name":"Simple YouTube Age Restriction Bypass","uuid":"f2e165cf-b3ff-48ab-89e0-4aef5a6434df","modified":1617290066123,"file_url":"https://github.com/zerodytrash/Simple-YouTube-Age-Restriction-Bypass/raw/main/Simple-YouTube-Age-Restriction-Bypass.user.js"}}