{"options":{"check_for_updates":true,"comment":null,"compatopts_for_requires":true,"compat_wrappedjsobject":false,"compat_metadata":false,"compat_foreach":false,"compat_prototypes":false,"noframes":null,"run_at":null,"override":{"use_includes":[],"orig_includes":[],"merge_includes":true,"use_matches":[],"orig_matches":["https://www.youtube.com/*","https://m.youtube.com/*"],"merge_matches":true,"use_excludes":[],"orig_excludes":[],"merge_excludes":true,"use_connects":[],"merge_connects":true,"use_blockers":[],"orig_run_at":"document-start","orig_noframes":null,"orig_connects":[]}},"settings":{"enabled":true,"position":56},"meta":{"name":"Simple YouTube Age Restriction Bypass","uuid":"3cb4f012-5821-43bc-a81b-df439773d89f","modified":1632260052525,"file_url":"https://greasyfork.org/scripts/423851-simple-youtube-age-restriction-bypass/code/Simple%20YouTube%20Age%20Restriction%20Bypass.user.js"}}