{"options":{"check_for_updates":true,"comment":null,"compatopts_for_requires":true,"compat_wrappedjsobject":false,"compat_metadata":false,"compat_foreach":false,"compat_prototypes":false,"noframes":null,"run_at":null,"override":{"use_includes":[],"orig_includes":[],"merge_includes":true,"use_matches":[],"orig_matches":["http*://openload.co/*","http*://openloads.co/*","http*://oload.download/*","http*://oload.fun/*","http*://turbovid.me/*","http*://www.flashx.to/*","http*://www.flashx.tv/*","http*://www.flashx.sx/*","http*://www.rapidvideo.com/*","http*://wstream.video/*","www.video.mediaset.it/*","http*://speedvideo.net/*","http*://*mp4upload.com/embed*","http*://didattica.polito.it/portal/pls/portal/sviluppo.videolezioni.vis*","http*://didattica.polito.it/portal/pls/portal/sviluppo.pagina_corso.main?t=3&p_sottopagina=VC*"],"merge_matches":true,"use_excludes":[],"orig_excludes":[],"merge_excludes":true,"use_connects":[],"merge_connects":true,"use_blockers":[],"orig_run_at":"document-idle","orig_noframes":null}},"settings":{"enabled":true,"position":19},"meta":{"name":"Stream to VLC","uuid":"12034381-d295-4bc4-8b5f-53858d1a4242","modified":1594052004054,"file_url":"https://greasyfork.org/scripts/34206-stream-to-vlc/code/Stream%20to%20VLC.user.js"}}