{"options":{"check_for_updates":true,"comment":null,"compatopts_for_requires":true,"compat_wrappedjsobject":false,"compat_metadata":false,"compat_foreach":false,"compat_prototypes":false,"noframes":null,"run_at":null,"override":{"use_includes":[],"orig_includes":[],"merge_includes":true,"use_matches":[],"orig_matches":["https://www.twitch.tv/*","https://dashboard.twitch.tv/*"],"merge_matches":true,"use_excludes":[],"orig_excludes":[],"merge_excludes":true,"use_connects":[],"merge_connects":true,"use_blockers":[],"orig_run_at":"document-idle","orig_noframes":null}},"settings":{"enabled":true,"position":21},"meta":{"name":"Twitch Auto Channel Points Claimer","uuid":"f221254d-4d85-48ab-acab-6af7df06ebe9","modified":1588392701302,"file_url":"https://greasyfork.org/scripts/392348-twitch-auto-channel-points-claimer/code/Twitch%20Auto%20Channel%20Points%20Claimer.user.js"}}