{"options":{"check_for_updates":true,"comment":null,"compatopts_for_requires":true,"compat_wrappedjsobject":false,"compat_metadata":false,"compat_foreach":false,"compat_prototypes":false,"noframes":null,"run_at":null,"override":{"use_includes":[],"orig_includes":[],"merge_includes":true,"use_matches":[],"orig_matches":["*://*.twitch.tv/*"],"merge_matches":true,"use_excludes":[],"orig_excludes":[],"merge_excludes":true,"use_connects":[],"merge_connects":true,"use_blockers":[],"orig_run_at":"document-start","orig_noframes":null}},"settings":{"enabled":false,"position":50},"meta":{"name":"TwitchAdSolutions (notify-strip)","uuid":"077c5ccf-a7df-42ae-9844-8c0a16a0121e","modified":1619611106485,"file_url":"https://github.com/pixeltris/TwitchAdSolutions/raw/master/notify-strip/notify-strip.user.js"}}