{"options":{"check_for_updates":true,"comment":null,"compatopts_for_requires":true,"compat_wrappedjsobject":false,"compat_metadata":false,"compat_foreach":false,"compat_prototypes":false,"noframes":null,"run_at":null,"override":{"use_includes":[],"orig_includes":["https://yandex.*","https://www.yandex.*","https://yandex.*/search*","https://yandex.*/yandsearch*","https://spmbt.github.io/googleSearchExtraButtons/saveYourLocalStorage.html","https://www.gstatic.com/sites/p/b9356d/system/services/test.html","https://www.gstatic.com/index.html"],"merge_includes":true,"use_matches":[],"orig_matches":[],"merge_matches":true,"use_excludes":[],"orig_excludes":[],"merge_excludes":true,"use_connects":[],"merge_connects":true,"use_blockers":[],"orig_run_at":"document-idle","orig_noframes":null}},"settings":{"enabled":true,"position":23},"meta":{"name":"Yandex Extra Buttons","uuid":"e6e87fda-d2a4-49ab-a843-6f8563e3bfdf","modified":1610386513206,"file_url":"https://greasyfork.org/scripts/16332-yandex-extra-buttons/code/Yandex%20Extra%20Buttons.user.js"}}