{"options":{"check_for_updates":true,"comment":null,"compatopts_for_requires":true,"compat_wrappedjsobject":false,"compat_metadata":false,"compat_foreach":false,"compat_prototypes":false,"noframes":null,"run_at":null,"override":{"use_includes":[],"orig_includes":["https://music.youtube.com/*"],"merge_includes":true,"use_matches":[],"orig_matches":[],"merge_matches":true,"use_excludes":[],"orig_excludes":[],"merge_excludes":true,"use_connects":[],"merge_connects":true,"use_blockers":[],"orig_run_at":"document-idle","orig_noframes":null}},"settings":{"enabled":false,"position":37},"meta":{"name":"Youtube Music Genius Lyrics","uuid":"8c105631-db05-4808-b0d8-549fe1e3f4dd","modified":1617290066747,"file_url":"https://openuserjs.org/install/cuzi/Youtube_Music_Genius_Lyrics.user.js"}}