{"options":{"check_for_updates":true,"comment":null,"compatopts_for_requires":true,"compat_wrappedjsobject":false,"compat_metadata":false,"compat_foreach":false,"compat_prototypes":false,"noframes":null,"run_at":null,"override":{"use_includes":[],"orig_includes":[],"merge_includes":true,"use_matches":[],"orig_matches":["https://*.youtube.com/*","https://*.twitch.tv/*"],"merge_matches":true,"use_excludes":[],"orig_excludes":[],"merge_excludes":true,"use_connects":[],"merge_connects":true,"use_blockers":[],"orig_run_at":"document-end","orig_noframes":null}},"settings":{"enabled":false,"position":30},"meta":{"name":"Youtube/Twitch to streamlink","uuid":"ce40bd7b-402c-4f3b-9669-ba0b55b6cc45","modified":1606940101287,"file_url":"https://greasyfork.org/scripts/416791-youtube-twitch-to-streamlink/code/YoutubeTwitch%20to%20streamlink.user.js"}}