{"options":{"check_for_updates":true,"comment":null,"compatopts_for_requires":true,"compat_wrappedjsobject":false,"compat_metadata":false,"compat_foreach":false,"compat_prototypes":false,"noframes":null,"run_at":null,"override":{"use_includes":[],"orig_includes":["https://www.youtube.com/*","https://music.youtube.com/*"],"merge_includes":true,"use_matches":[],"orig_matches":[],"merge_matches":true,"use_excludes":[],"orig_excludes":[],"merge_excludes":true,"use_connects":[],"merge_connects":true,"use_blockers":[],"orig_run_at":"document-idle","orig_noframes":null}},"settings":{"enabled":false,"position":27},"meta":{"name":"Youtube Genius Lyrics","uuid":"5844c577-db93-4079-a799-5ac39dedd46b","modified":1617290066681,"file_url":"https://greasyfork.org/scripts/386259-youtube-genius-lyrics/code/Youtube%20Genius%20Lyrics.user.js"}}