{"options":{"check_for_updates":true,"comment":null,"compatopts_for_requires":true,"compat_wrappedjsobject":false,"compat_metadata":false,"compat_foreach":false,"compat_prototypes":false,"noframes":null,"run_at":null,"override":{"use_includes":[],"orig_includes":["*"],"merge_includes":true,"use_matches":[],"orig_matches":[],"merge_matches":true,"use_excludes":[],"orig_excludes":[],"merge_excludes":true,"use_connects":[],"merge_connects":true,"use_blockers":[],"orig_run_at":"context-menu","orig_noframes":null,"orig_connects":[]}},"settings":{"enabled":true,"position":55},"meta":{"name":"画中画","uuid":"3e55d26d-7ec4-4cde-86e1-09b6955149a8","modified":1632259731384,"file_url":"https://greasyfork.org/scripts/425383-%E7%94%BB%E4%B8%AD%E7%94%BB/code/%E7%94%BB%E4%B8%AD%E7%94%BB.user.js"}}