{"options":{"check_for_updates":true,"comment":null,"compatopts_for_requires":true,"compat_wrappedjsobject":false,"compat_metadata":false,"compat_foreach":false,"compat_prototypes":false,"noframes":null,"run_at":null,"override":{"use_includes":[],"orig_includes":["http://*","https://*"],"merge_includes":true,"use_matches":[],"orig_matches":[],"merge_matches":true,"use_excludes":[],"orig_excludes":[],"merge_excludes":true,"use_connects":[],"merge_connects":true,"use_blockers":[],"orig_run_at":"document-end","orig_noframes":null,"orig_connects":[]}},"settings":{"enabled":false,"position":5},"meta":{"name":"ABPVN AdsBlock","uuid":"ab74f779-6c2f-4e58-b6de-8706ad16ec57","modified":1637947625293,"file_url":"https://greasyfork.org/scripts/9099-abpvn-adsblock/code/ABPVN%20AdsBlock.user.js"}}