{"ts":1639126915801,"data":{"Config":"s{\"isRedirectEnable\":false,\"isAdsEnable\":false,\"isAutopage\":true,\"isBlockEnable\":false,\"isBlockDisplay\":false,\"isBlockBtnNotDisplay\":false,\"AdsStyleEnable\":true,\"baidu\":{\"name\":\"baidu\",\"AdsStyleMode\":\"1\",\"HuYanMode\":false},\"google\":{\"name\":\"google\",\"AdsStyleMode\":\"3\",\"HuYanMode\":false},\"bing\":{\"name\":\"bing\",\"AdsStyleMode\":\"3\",\"HuYanMode\":false},\"duck\":{\"name\":\"duck\",\"AdsStyleMode\":\"3\",\"HuYanMode\":true},\"doge\":{\"name\":\"doge\",\"AdsStyleMode\":\"3\",\"HuYanMode\":false},\"sogou\":{\"name\":\"sogou\",\"AdsStyleMode\":\"1\",\"HuYanMode\":false},\"zhihu\":{\"name\":\"zhihu\",\"AdsStyleMode\":\"0\",\"HuYanMode\":false},\"other\":{\"name\":\"other\",\"AdsStyleMode\":\"0\",\"HuYanMode\":false},\"Style_BaiduLite\":false,\"defaultHuYanColor\":\"#DEF1EF\",\"isUserColorEnable\":false,\"isFaviconEnable\":true,\"defaultFaviconUrl\":\"https://ae01.alicdn.com/kf/HTB1dRY0X8OD3KVjSZFFq6An9pXay.jpg\",\"doDisableSug\":true,\"isRightDisplayEnable\":true,\"isCounterEnable\":false,\"isALineEnable\":false,\"isUserStyleEnable\":false,\"normalizeDuck\":false,\"acceptLicense\":true,\"isEnLang\":true,\"isGooleInBaiduModeEnable\":false,\"UserBlockList\":[],\"UserStyleText\":\"/**计数器的颜色样式*/\\ndiv .AC-CounterT{\\n  background: #FD9999;\\n}\\n/**右侧栏的样式-其实不开启更好看一些*/\\n#content_right{\\n  padding: 20px 15px 15px;\\n  border-radius: 5px;\\n  background-color: #fff;\\n  box-sizing: border-box;\\n  box-shadow: 0 0 20px 2px rgba(0, 0, 0, .1);\\n  -webkit-box-shadow: 0 0 20px 2px rgba(0, 0, 0, .1);\\n  -moz-box-shadow: 0 0 20px 2px rgba(0, 0, 0, .1);\\n}\\nbody[baidu] {\\n  position: relative;\\n}\\nbody[baidu]:before {\\n  position: fixed;\\n  width: 100%;\\n  height: 100%;\\n  top: 0;\\n  left: 0;\\n  content: '';\\n  background-image: url('https://img.tujidu.com/image/5fdde8468423e.jpg');\\n  background-size: 100% auto;\\n  opacity: 1; /*背景图透明度=0.8，最大1*/\\n}\\n/**隐藏首页的大图标-修复可能导致外援样式异常**/\\nbody[baidu] #s_lg_img_new{\\n  display:none !important;\\n}\\nbody[baidu] .c-container{\\n  border-radius: 5px;\\n  background-color: rgba(255,255,255, 0.3) !important; /*百度搜索块体的颜色；透明度=0.1，最大1*/\\n}\\nbody[baidu] .c-container h3{\\n  background-color: rgba(248,248,248, 0.3) !important; /*百度搜索块体 - 标题的颜色；透明度=0.1，最大1*/\\n}\",\"oldVersion\":\"25.01\",\"lastSaveTime\":1639126908244}"}}