{"options":{"check_for_updates":true,"comment":null,"compatopts_for_requires":true,"compat_wrappedjsobject":false,"compat_metadata":false,"compat_foreach":false,"compat_prototypes":false,"noframes":null,"run_at":null,"override":{"use_includes":[],"orig_includes":[],"merge_includes":true,"use_matches":[],"orig_matches":["http://*/*","https://*/*"],"merge_matches":true,"use_excludes":[],"orig_excludes":["https://www.linkedin.com/*","https://*.facebook.com/*","https://*.google.com/*","https://*.google.ad/*","https://*.google.ae/*","https://*.google.com.af/*","https://*.google.com.ag/*","https://*.google.com.ai/*","https://*.google.al/*","https://*.google.am/*","https://*.google.co.ao/*","https://*.google.com.ar/*","https://*.google.as/*","https://*.google.at/*","https://*.google.com.au/*","https://*.google.az/*","https://*.google.ba/*","https://*.google.com.bd/*","https://*.google.be/*","https://*.google.bf/*","https://*.google.bg/*","https://*.google.com.bh/*","https://*.google.bi/*","https://*.google.bj/*","https://*.google.com.bn/*","https://*.google.com.bo/*","https://*.google.com.br/*","https://*.google.bs/*","https://*.google.bt/*","https://*.google.co.bw/*","https://*.google.by/*","https://*.google.com.bz/*","https://*.google.ca/*","https://*.google.cd/*","https://*.google.cf/*","https://*.google.cg/*","https://*.google.ch/*","https://*.google.ci/*","https://*.google.co.ck/*","https://*.google.cl/*","https://*.google.cm/*","https://*.google.cn/*","https://*.google.com.co/*","https://*.google.co.cr/*","https://*.google.com.cu/*","https://*.google.cv/*","https://*.google.com.cy/*","https://*.google.cz/*","https://*.google.de/*","https://*.google.dj/*","https://*.google.dk/*","https://*.google.dm/*","https://*.google.com.do/*","https://*.google.dz/*","https://*.google.com.ec/*","https://*.google.ee/*","https://*.google.com.eg/*","https://*.google.es/*","https://*.google.com.et/*","https://*.google.fi/*","https://*.google.com.fj/*","https://*.google.fm/*","https://*.google.fr/*","https://*.google.ga/*","https://*.google.ge/*","https://*.google.gg/*","https://*.google.com.gh/*","https://*.google.com.gi/*","https://*.google.gl/*","https://*.google.gm/*","https://*.google.gp/*","https://*.google.gr/*","https://*.google.com.gt/*","https://*.google.gy/*","https://*.google.com.hk/*","https://*.google.hn/*","https://*.google.hr/*","https://*.google.ht/*","https://*.google.hu/*","https://*.google.co.id/*","https://*.google.ie/*","https://*.google.co.il/*","https://*.google.im/*","https://*.google.co.in/*","https://*.google.iq/*","https://*.google.is/*","https://*.google.it/*","https://*.google.je/*","https://*.google.com.jm/*","https://*.google.jo/*","https://*.google.co.jp/*","https://*.google.co.ke/*","https://*.google.com.kh/*","https://*.google.ki/*","https://*.google.kg/*","https://*.google.co.kr/*","https://*.google.com.kw/*","https://*.google.kz/*","https://*.google.la/*","https://*.google.com.lb/*","https://*.google.li/*","https://*.google.lk/*","https://*.google.co.ls/*","https://*.google.lt/*","https://*.google.lu/*","https://*.google.lv/*","https://*.google.com.ly/*","https://*.google.co.ma/*","https://*.google.md/*","https://*.google.me/*","https://*.google.mg/*","https://*.google.mk/*","https://*.google.ml/*","https://*.google.com.mm/*","https://*.google.mn/*","https://*.google.ms/*","https://*.google.com.mt/*","https://*.google.mu/*","https://*.google.mv/*","https://*.google.mw/*","https://*.google.com.mx/*","https://*.google.com.my/*","https://*.google.co.mz/*","https://*.google.com.na/*","https://*.google.com.nf/*","https://*.google.com.ng/*","https://*.google.com.ni/*","https://*.google.ne/*","https://*.google.nl/*","https://*.google.no/*","https://*.google.com.np/*","https://*.google.nr/*","https://*.google.nu/*","https://*.google.co.nz/*","https://*.google.com.om/*","https://*.google.com.pa/*","https://*.google.com.pe/*","https://*.google.com.pg/*","https://*.google.com.ph/*","https://*.google.com.pk/*","https://*.google.pl/*","https://*.google.pn/*","https://*.google.com.pr/*","https://*.google.ps/*","https://*.google.pt/*","https://*.google.com.py/*","https://*.google.com.qa/*","https://*.google.ro/*","https://*.google.ru/*","https://*.google.rw/*","https://*.google.com.sa/*","https://*.google.com.sb/*","https://*.google.sc/*","https://*.google.se/*","https://*.google.com.sg/*","https://*.google.sh/*","https://*.google.si/*","https://*.google.sk/*","https://*.google.com.sl/*","https://*.google.sn/*","https://*.google.so/*","https://*.google.sm/*","https://*.google.sr/*","https://*.google.st/*","https://*.google.com.sv/*","https://*.google.td/*","https://*.google.tg/*","https://*.google.co.th/*","https://*.google.com.tj/*","https://*.google.tk/*","https://*.google.tl/*","https://*.google.tm/*","https://*.google.tn/*","https://*.google.to/*","https://*.google.com.tr/*","https://*.google.tt/*","https://*.google.com.tw/*","https://*.google.co.tz/*","https://*.google.com.ua/*","https://*.google.co.ug/*","https://*.google.co.uk/*","https://*.google.com.uy/*","https://*.google.co.uz/*","https://*.google.com.vc/*","https://*.google.co.ve/*","https://*.google.vg/*","https://*.google.co.vi/*","https://*.google.com.vn/*","https://*.google.vu/*","https://*.google.ws/*","https://*.google.rs/*","https://*.google.co.za/*","https://*.google.co.zm/*","https://*.google.co.zw/*","https://*.google.cat/*","https://*.youtube.com/*","*://disqus.com/embed/*","https://vk.com/*","https://*.vk.com/*","https://vimeo.com/*","https://*.vimeo.com/*","*://*.coub.com/*","*://coub.com/*","*://*.googlesyndication.com/*","*://*.naver.com/*","https://gstatic.com/*","https://*.gstatic.com/*","https://yandex.ru/*","https://*.yandex.ru/*","https://yandex.ua/*","https://*.yandex.ua/*","https://yandex.by/*","https://*.yandex.by/*","https://yandex.com/*","https://*.yandex.com/*","https://yandex.com.tr/*","https://*.yandex.com.tr/*","https://yandex.kz/*","https://*.yandex.kz/*","https://yandex.fr/*","https://*.yandex.fr/*","https://*.twitch.tv/*","https://tinder.com/*","*://*.yahoo.com/*","*://chatovod.ru/*","*://*.chatovod.ru/*","*://vc.ru/*","*://tjournal.ru/*","*://amanice.ru/*","*://ka-union.ru/*","*://gameforge.com/*","*://*.gameforge.com/*","*://*.ssgdfm.com/*","*://*.brainpop.com/*","*://*.taobao.com/*","*://*.ksl.com/*","*://*.t-online.de/*","*://boards.4channel.org/*","*://*.washingtonpost.com/*","*://*.kakao.com/*","*://*.discounttire.com/*","*://mail.ukr.net/*","*://*.mail.ukr.net/*","*://*.sahadan.com/*","*://*.groupon.*/*","*://*.amoma.com/*","*://*.jccsmart.com/*","*://wp.pl/*","*://*.wp.pl/*","*://money.pl/*","*://*.money.pl/*","*://o2.pl/*","*://*.o2.pl/*","*://pudelek.pl/*","*://*.pudelek.pl/*","*://komorkomania.pl/*","*://*.komorkomania.pl/*","*://gadzetomania.pl/*","*://*.gadzetomania.pl/*","*://fotoblogia.pl/*","*://*.fotoblogia.pl/*","*://autokult.pl/*","*://*.autokult.pl/*","*://abczdrowie.pl/*","*://*.abczdrowie.pl/*","*://parenting.pl/*","*://*.parenting.pl/*","*://dobreprogramy.pl/*","*://*.dobreprogramy.pl/*","*://polygamia.pl/*","*://*.polygamia.pl/*","*://vietjetair.com/*","*://*.vietjetair.com/*","https://web.skype.com/*","*://karelia.press/*","*://*.karelia.press/*","*://microsoft.com/*","*://*.microsoft.com/*","*://bancoctt.pt/*","*://*.bancoctt.pt/*","*://print24.com/*","*://*.print24.com/*","*://shellfcu.org/*","*://*.shellfcu.org/*","*://yesfile.com/*","*://*.yesfile.com/*","*://sunrise.ch/*","*://*.sunrise.ch/*","*://cetesdirecto.com/*","*://*.cetesdirecto.com/*","*://ubi.com/*","*://*.ubi.com/*","*://*.sistic.com.sg/*","*://*.ilfattoquotidiano.it/*","*://*.vanis.io/*","*://*.senpa.io/*","*://wielkopolskiebilety.pl/*","*://*.wielkopolskiebilety.pl/*","*://*.astrogo.astro.com.my/*","*://*.chaturbate.com/*","*://play.pl/*","*://*.play.pl/*","*://web.de/*","*://*.web.de/*","*://gmx.net/*","*://*.gmx.net/*","*://clashofclans.com/*","*://*.clashofclans.com/*","*://online.bfgruppe.de/*","*://*.online.bfgruppe.de/*","*://portalpasazera.pl/*","*://*.portalpasazera.pl/*","*://jeanne-laffitte.com/*","*://*.jeanne-laffitte.com/*","*://epicgames.com/*","*://*.epicgames.com/*","*://freizeithugl.de/*","*://*.freizeithugl.de/*","*://koleje-wielkopolskie.com.pl/*","*://*.koleje-wielkopolskie.com.pl/*","*://ygosu.com/*","*://*.ygosu.com/*","*://ppss.kr/*","*://*.ppss.kr/*","*://nordea.com/*","*://*.nordea.com/*"],"merge_excludes":true,"use_connects":[],"merge_connects":true,"use_blockers":[],"orig_run_at":"document-start","orig_noframes":null,"orig_connects":[]}},"settings":{"enabled":true,"position":43},"meta":{"name":"AdGuard Popup Blocker","uuid":"dd7924ca-b011-491a-a028-4056bea217b2","modified":1636636899868,"file_url":"https://userscripts.adtidy.org/release/popup-blocker/2.5/popupblocker.user.js"}}