{"options":{"check_for_updates":true,"comment":null,"compatopts_for_requires":true,"compat_wrappedjsobject":false,"compat_metadata":false,"compat_foreach":false,"compat_prototypes":false,"noframes":null,"run_at":null,"override":{"use_includes":[],"orig_includes":["*://amazon.tld/*","*://*.amazon.tld/*"],"merge_includes":true,"use_matches":[],"orig_matches":[],"merge_matches":true,"use_excludes":[],"orig_excludes":[],"merge_excludes":true,"use_connects":["www.goodreads.com"],"merge_connects":true,"use_blockers":[],"orig_run_at":"document-idle","orig_noframes":null}},"settings":{"enabled":true,"position":22},"meta":{"name":"Amazon - Goodreads metadata","uuid":"23f19cdc-444c-4cb6-a8d8-5c305975d88f","modified":1607281095066,"file_url":"https://greasyfork.org/scripts/417781-amazon-goodreads-metadata/code/Amazon%20-%20Goodreads%20metadata.user.js"}}