{"options":{"check_for_updates":true,"comment":null,"compatopts_for_requires":true,"compat_wrappedjsobject":false,"compat_metadata":false,"compat_foreach":false,"compat_prototypes":false,"noframes":null,"run_at":null,"override":{"use_includes":[],"orig_includes":["https://www.amazon.tld/*"],"merge_includes":true,"use_matches":[],"orig_matches":[],"merge_matches":true,"use_excludes":[],"orig_excludes":[],"merge_excludes":true,"use_connects":[],"merge_connects":true,"use_blockers":[],"orig_run_at":"document-idle","orig_noframes":null,"orig_connects":[]}},"settings":{"enabled":true,"position":38},"meta":{"name":"Amazon to Z-library","uuid":"970eb86a-b9c7-4740-b7fe-b77c535d5b06","modified":1633699083182,"file_url":"https://github.com/annaelmoussa/amazon-zlibrary/raw/master/Amazon%20to%20Z-library.user.js"}}