{"options":{"check_for_updates":true,"comment":null,"compatopts_for_requires":true,"compat_wrappedjsobject":false,"compat_metadata":false,"compat_foreach":false,"compat_prototypes":false,"noframes":null,"run_at":null,"override":{"use_includes":[],"orig_includes":["http://scholar.google.*/scholar?*","https://scholar.google.*/scholar?*"],"merge_includes":true,"use_matches":[],"orig_matches":["http://www.scopus.com/record/display.uri?*","http://apps.webofknowledge.com/full_record.do?*","http://apps.webofknowledge.com/InterService.do?*","http://apps.webofknowledge.com/CitedFullRecord.do?*","https://www.scopus.com/record/display.uri?*","https://www.scopus.com/*","https://apps.webofknowledge.com/full_record.do?*","https://apps.webofknowledge.com/InterService.do?*","https://apps.webofknowledge.com/CitedFullRecord.do?*"],"merge_matches":true,"use_excludes":[],"orig_excludes":[],"merge_excludes":true,"use_connects":["sci-hub.ru"],"merge_connects":true,"use_blockers":[],"orig_run_at":"document-idle","orig_noframes":null,"orig_connects":["vk.com","*"]}},"settings":{"enabled":true,"position":41},"meta":{"name":"Bypass paywalls for scientific documents","uuid":"7717976b-c7a9-4fe5-b2f6-ebc752af7218","modified":1634742025143,"file_url":"https://greasyfork.org/scripts/35521-bypass-paywalls-for-scientific-documents/code/Bypass%20paywalls%20for%20scientific%20documents.user.js"}}