{"options":{"check_for_updates":true,"comment":null,"compatopts_for_requires":true,"compat_wrappedjsobject":false,"compat_metadata":false,"compat_foreach":false,"compat_prototypes":false,"noframes":null,"run_at":null,"override":{"use_includes":[],"orig_includes":[],"merge_includes":true,"use_matches":[],"orig_matches":["*://tech.dutchycorp.space/*","*://anime.dutchycorp.space/*","*://movies.dutchycorp.space/*","*://cool-time.dutchycorp.space/*","*://dutchycorp.space/s*/*","*://dutchycorp.ovh/s*/*","*://tmearn.com/*","*://droplink.co/*","*://tny.so/*","*://ouo.io/*","*://ouo.press/*","*://short.goldenfaucet.io/*","*://short.croclix.me/*","*://m.zolomix.com/*","*://makemoneywithurl.com/*","*://*.insuranceblog.xyz/*","*://coinsparty.mcrypto.club/*","*://sehati.xyz/*","*://rifurl.com/*","*://pennbookcenter.com/*","*://wordcounter.icu/*","*://publicananker.com/*","*://watchdoge.xyz/*","*://short.cryptolink.space/*","*://claimcoins.club/shortcoin/*","*://mikl4forex.com/*","*://michaelemad.com/*","*://miklpro.com/*","*://zoss.me/*","*://shrinke.me/*","*://clik.pw/*","*://zirof.com/*","*://arenaboard.xyz/*","*://newforex.online/*","*://forex-golds.com/*","*://nawahi1.com/*","*://mmo1s.com/*","*://passgen.icu/*","*://adshort.live/*","*://go.leolink.co/*","*://ccsl.xyz/*","*://xz2.xyz/*","*://bshopme.site/*","*://100count.net/*","*://fire-link.net/*","*://go.fire-link.net/*","*://bigb0ss.net/*","*://short.toptap.website/*","*://mcmcryptos.xyz/short/*","*://mitly.us/*","*://cashurl.in/*","*://linkad.in/*","*://linksly.co/*","*://bitcoinly.in/*","*://bitlinks.pw/*","*://owllink.net/*","*://mozlink.net/*","*://go.mozlink.net/*","*://neonlink.net/*","*://aii.sh/*","*://blog.earn4fun.in/*","*://iir.ai/*","*://*.5golink.com/*","*://yousm.link/*","*://forex-trnd.com/*","*://hoshilink.com/*","*://birdurls.com/*","*://bit-url.com/*","*://cuts-url.com/*","*://coinlyhub.com/*","*://popimed.com/*","*://phoenixshorts.com/*","*://short.clickscoin.com/*","*://url.namaidani.com/*","*://urlfiles.com/*","*://katflys.com/*","*://shrinkpay.xyz/*","*://bitcomarket.net/*","*://*.crazyblog.in/*","*://sl.claimfreebits.com/*","*://shortenbuddy.com/*","*://go.zolomix.in/*","*://wplink.online/*","*://arbweb.info/sl/*","*://sl.proinfinity.fun/*","*://icut.click/*","*://www.yofaurls.com/*","*://kiemlua.com/*","*://rodjulian.com/*","*://cryptofuns.ru/*","*://cashearn.cc/*","*://o.ovlinks.com/*","*://adfloz.co/*","*://shortlink.prz.pw/*","*://makeeasybtc.website/*","*://express-cut.ovh/*","*://uebnews.online/*","*://gobits.me/*","*://dogecoin.click/*","*://claimcrypto.cc/*","*://paid4.link/*","*://illink.net/*","*://kekolink.com/*","*://linkres.in/*","*://smoner.com/*","*://linkfly.io/*","*://coinadfly.com/*","*://coinshub.icu/*","*://mycut.my.id/*","*://zagl.info/*","*://shornet.com/*","*://jameeltips.us/*","*://genpassword.top/*","*://bitshort.co/*","*://gtlink.co/*","*://earnload.co/*","*://adfloz.co/*","*://*.snkra.com/*","*://clixshort.com/*","*://earnflies.com/*","*://*.fullreviews.org/*","*://c2g.at/*","*://urlty.com/*","*://clk.asia/*","*://adsgo.xyz/*","*://vshort.link/*","*://shrlink.top/*","*://sakastau.com/*","*://adsmoker.com/*","*://gainprofit.xyz/*","*://claimclicks.com/*","*://doctor-groups.com/*","*://url.acefaucet.com/*","*://earnwithshortlink.com/*","*://bitzite.com/*","*://m.imagenesderopaparaperros.com/*","*://link1s.com/*","*://gameen.xyz/*","*://fameen.xyz/*","*://yameen.xyz/*","*://link.sh2rt.com/*","*://noweconomy.live/*","*://deportealdia.live/*","*://techgeek.digital/*","*://sanoybonito.club/*","*://staaker.com/*","*://lucidcam.com/*","*://*.byboe.com/*","*://coinsparty.com/*","*://123link.biz/*","*://qualitystudymaterial.in/*","*://cutdl.xyz/*","*://cryptourl.net/*","*://ponselharian.com/*","*://marocclickers.xyz/*","*://cryptonetos.ru/page/redirect*","*://liinkat.com/*","*://landing.adly.fun/*","*://m.w4earn.com/*","*://mixespecialidades.live/*","*://thegoneapp.com/*","*://alocd.com/*","*://azsoft.biz/*","*://mobi2c.com/*","*://*.medcpu.com/*","*://*.nousdecor.com/*","*://t2l.one/*","*://sh2rt.com/*","*://link.rota.cc/*","*://world-trips.net/*","*://studyuo.com/*","*://speedynews.xyz/*","*://tecboy.xyz/*","*://blog.earn2fly.in/*","*://hookeaudio.com/*","*://fc-lc.com/*","*://fcc.lc/*","*://*.restorbio.com/*","*://expertvn.com/*","*://markipli.com/*","*://downphanmem.com/*","*://uebnews.online/*","*://kingsleynyc.com/*","*://yoshare.net/*","*://forex-gold.net/*","*://theicongenerator.com/*","*://cryptolatest.news/*","*://healthy4pepole.com/*","*://*.bdnewsx.com/*","*://techmody.io/*","*://girls-like.me/*","*://kiktu.com/*","*://*.upshrink.com/*","*://mynewsmedia.co/*","*://healdad.com/*","*://dataf.pro/*","*://marharo.com/*","*://ez4mods.com/*","*://try2link.com/*","*://ex-foary.com/*","*://automotur.club/*","*://wp.womenhaircolors.review/*","*://money.alyoumeg.com/*","*://dogeearn.com/*","*://topcryptoz.net/*","*://allcryptoz.net/*","*://blogginglass.com/*","*://uniqueten.net/*","*://www.ultraten.net/*","*://www.gifans.com/*","*://wpking.in/*","*://mcrypto.club/*","*://insuranceblog.xyz/*","*://amazingdarpon.com/*","*://petslots.website/*","*://blog.bshopme.site/*","*://palpodcast.site/*","*://lensabicara.com/*","*://tieutietkiem.com/*","*://claimsatoshi.co/*","*://bittalky.com/*","*://urlily.com/*","*://bablyfeed.com/*","*://jardima.com/*","*://kimo.ma/*","*://foodma.in/*","*://*.netfile.cc/*","*://7apple.net/*","*://saqercoin.xyz/*","*://store.filmyzilla-in.xyz/*","*://cryptotyphoon.com/short/*","*://ls2earn.in/*","*://coinsurl.com/*","*://bitcoin-indo.com/*","*://coin.mg/*","*://infinityfreescripts.xyz/*","*://*.technologylover.in/*","*://streamshort.in/*","*://*.urbharat.xyz/*","*://cafenau.com/*","*://techacode.com/*","*://link.encyclopedia-24.com/*","*://clickscoin.com/shortccsl/*","*://dogeclick.net/ccsl/*","*://adshort.space/*","*://flylink.site/*","*://cutearn.xyz/*","*://starfaucet.net/sl/*","*://ls2earn.com/*","*://safelink.site/*","*://zipcrypto.site/*","*://cutgo.site/*","*://cutbits.site/*","*://shorthero.site/*","*://sl-1.btcbunch.com/*","*://sl-2.btcbunch.com/*","*://sl-3.btcbunch.com/*","*://sl-1.askpaccosi.com/*","*://sl-2.askpaccosi.com/*","*://foodyrecipe.xyz/*","*://redir.123file.li/*","*://sevenjournals.com/*","*://android-mody.store/*","*://mercedesellington.com/*","*://blog.crypto-faucet.xyz/*","*://7misr4day.com/*","*://sama-pro.com/*","*://samaa-pro.com/*","*://imageresizertool.com/*","*://*.jobswd.com/*","*://techrfour.com/*","*://ovavibe.net/*","*://zshort.cc/*","*://m.bdnewsx.com/*","*://freebitcoin.vip/*","*://freelitecoin.vip/*","*://toptechtalk.xyz/*","*://ez4short.com/*","*://ccurl.net/*","*://cslink.in/*","*://faucet.100count.net/*","*://short-cash2.xyz/*","*://topnewsnew.com/*","*://gawishpro.com/*","*://ad-mezo.com/*","*://th3dz.com/sl/*","*://kooza.club/*","*://dz4link.com/*","*://coinbaze.in/*","*://atlai.club/*","*://adcrypto.co/claim/*","*://skincarie.com/*","*://cryptocoinearn.xyz/*","*://11bit.co.in/bitshort/*","*://cryptofans.club/short/*","*://phoenixfaucets.xyz/short/*","*://dragonfaucets.xyz/short/*","*://1ist.club/*","*://earnads.top/*","*://short.phoenixfaucets.xyz/*","*://phoenixfaucets.xyz/next/*","*://phoenixfaucets.xyz/secret/*","*://phoenixfaucets.xyz/step1/*","*://phoenixfaucets.xyz/step2/*","*://phoenixfaucets.xyz/step3/*","*://phoenixfaucets.xyz/step4/*","*://cryptofans.club/next/*","*://cryptofans.club/other/*","*://cryptofans.club/step1/*","*://cryptofans.club/step2/*","*://cryptofans.club/step3/*","*://cryptofans.club/step4/*","*://short.mcmcryptos.xyz/*","*://shurt.pw/*","*://okrzone.com/*","*://downfile.site/*","*://scratch247.info/*","*://yalla-shoot-now.us/*","*://sl.mcmfaucets.xyz/*","*://clickscoin.com/short/*","*://dogeclick.net/short/*","*://mcrypto.club/*","*://crypto-faucet.xyz/*","*://dogemate.com/*","*://luckydice.net/*","*://coinsearns.com/*","*://dogeearn.com/*","*://luckybits.online/*","*://sakastau.com/*","*://didhafairus.my.id/*","*://go.safeadlink.my.id/*","*://short-zero.com/*","*://nex-url.cyou/*","*://exey.io/*","*://clk.ink/*","*://cryptoads.space/*","*://infinitycoupon.com/*","*://zcpa.us/*","*://*.adz7short.space/*","*://za.gl/*","*://tei.ai/*","*://shon.xyz/*","*://linkmit.us/*","*://link1s.net/*","*://bestshort.xyz/*","*://toptap.website/short/*","*://links.doctorcoin.xyz/*","*://*.softairbay.com/shortSAB/*","*://adnit.xyz/*","*://earncoin.site/*","*://mfk-shorter.com/*","*://donnaleehunt.com/*","*://*.imperialstudy.com/*","*://bildirim.eu/ph/*","*://aylink.co/*","*://kiiw.icu/*"],"merge_matches":true,"use_excludes":[],"orig_excludes":[],"merge_excludes":true,"use_connects":[],"merge_connects":true,"use_blockers":[],"orig_run_at":"document-end","orig_noframes":null,"orig_connects":[]}},"settings":{"enabled":true,"position":31},"meta":{"name":"Bypass All Shortlinks","uuid":"0c683052-ca64-43b2-9cea-ca7c1feb2c79","modified":1639307183553,"file_url":"https://greasyfork.org/scripts/431691-bypass-all-shortlinks/code/Bypass%20All%20Shortlinks.user.js"}}