{"options":{"check_for_updates":true,"comment":null,"compatopts_for_requires":true,"compat_wrappedjsobject":false,"compat_metadata":false,"compat_foreach":false,"compat_prototypes":false,"noframes":null,"run_at":null,"override":{"use_includes":[],"orig_includes":[],"merge_includes":true,"use_matches":[],"orig_matches":["https://*.clozemaster.com/*"],"merge_matches":true,"use_excludes":[],"orig_excludes":[],"merge_excludes":true,"use_connects":[],"merge_connects":true,"use_blockers":[],"orig_run_at":"document-start","orig_noframes":null,"orig_connects":[]}},"settings":{"enabled":false,"position":49},"meta":{"name":"Closemaster enhanced","uuid":"12247808-3635-41d3-a7fb-c30fc2d10fa1","modified":1636035104392,"file_url":"https://gist.githubusercontent.com/Simonwep/9341a5881f6b89973305d9f3291d94fa/raw"}}