{"options":{"check_for_updates":true,"comment":null,"compatopts_for_requires":true,"compat_wrappedjsobject":false,"compat_metadata":false,"compat_foreach":false,"compat_prototypes":false,"noframes":null,"run_at":null,"override":{"use_includes":[],"orig_includes":[],"merge_includes":true,"use_matches":[],"orig_matches":["https://duckduckgo.com/?q=*","https://duckduckgo.com/?t=*"],"merge_matches":true,"use_excludes":[],"orig_excludes":[],"merge_excludes":true,"use_connects":[],"merge_connects":true,"use_blockers":[],"orig_run_at":"document-idle","orig_noframes":null,"orig_connects":[]}},"settings":{"enabled":true,"position":40},"meta":{"name":"duckduckgo script","uuid":"b5296526-c126-4bd0-82f9-a27e56b0986a","modified":1634741704288,"file_url":"https://greasyfork.org/scripts/432980-duckduckgo-script/code/duckduckgo%20script.user.js"}}