{"options":{"check_for_updates":true,"comment":null,"compatopts_for_requires":true,"compat_wrappedjsobject":false,"compat_metadata":false,"compat_foreach":false,"compat_prototypes":false,"noframes":null,"run_at":null,"override":{"use_includes":[],"orig_includes":[],"merge_includes":true,"use_matches":[],"orig_matches":["*://*.gifdeliverynetwork.com/*","*://cdn.embedly.com/widgets/media.html?src=*://*.gfycat.com/*","*://cdn.embedly.com/widgets/media.html?src=*://*.redgifs.com/*","*://*.gfycat.com/*","*://*.redgifs.com/*"],"merge_matches":true,"use_excludes":[],"orig_excludes":[],"merge_excludes":true,"use_connects":[],"merge_connects":true,"use_blockers":[],"orig_run_at":"document-idle","orig_noframes":null,"orig_connects":["*.redgifs.com","*.gfycat.com","*.gifdeliverynetwork.com","*.cdn.embedly.com"]}},"settings":{"enabled":true,"position":44},"meta":{"name":"Gfycat AutoHD","uuid":"ae121944-f998-46d0-b662-f01060919293","modified":1636296636192,"file_url":"https://greasyfork.org/scripts/388733-gfycat-autohd/code/Gfycat%20AutoHD.user.js"}}