{"options":{"check_for_updates":false,"comment":null,"compatopts_for_requires":true,"compat_wrappedjsobject":false,"compat_metadata":false,"compat_foreach":false,"compat_prototypes":false,"noframes":null,"run_at":null,"override":{"use_includes":[],"orig_includes":["http://www.google.*/search*","https://www.google.*/search*","https://www.google.*/*","https://encrypted.google.*/search*","https://encrypted.google.*/*","https://spmbt.github.io/googleSearchExtraButtons/saveYourLocalStorage.html","https://www.gstatic.com/sites/p/b9356d/system/services/test.html","https://www.gstatic.com/index.html"],"merge_includes":true,"use_matches":[],"orig_matches":[],"merge_matches":true,"use_excludes":[],"orig_excludes":[],"merge_excludes":true,"use_connects":[],"merge_connects":true,"use_blockers":[],"orig_run_at":"document-idle","orig_noframes":null,"orig_connects":[]}},"settings":{"enabled":true,"position":4},"meta":{"name":"Google Search Extra Buttons","uuid":"e76c2c64-77c6-4e06-9e9f-7e4be39ac599","modified":1636024043549,"file_url":"https://greasyfork.org/scripts/7543-google-search-extra-buttons/code/Google%20Search%20Extra%20Buttons.user.js"}}