{"options":{"check_for_updates":true,"comment":null,"compatopts_for_requires":true,"compat_wrappedjsobject":false,"compat_metadata":false,"compat_foreach":false,"compat_prototypes":false,"noframes":null,"run_at":null,"override":{"use_includes":[],"orig_includes":["https://greasyfork.org/*/users/*","https://sleazyfork.org/*/users/*"],"merge_includes":true,"use_matches":[],"orig_matches":[],"merge_matches":true,"use_excludes":[],"orig_excludes":[],"merge_excludes":true,"use_connects":[],"merge_connects":true,"use_blockers":[],"orig_run_at":"document-start","orig_noframes":null}},"settings":{"enabled":true,"position":23},"meta":{"name":"GreasyFork User Dashboard","uuid":"66f66fe2-1e7e-46c3-8d4c-68fecb9b1b04","modified":1610386513061,"file_url":"https://greasyfork.org/scripts/377148-greasyfork-user-dashboard/code/GreasyFork%20User%20Dashboard.user.js"}}