{"options":{"check_for_updates":true,"comment":null,"compatopts_for_requires":true,"compat_wrappedjsobject":false,"compat_metadata":false,"compat_foreach":false,"compat_prototypes":false,"noframes":null,"run_at":null,"override":{"use_includes":[],"orig_includes":[],"merge_includes":true,"use_matches":[],"orig_matches":["https://www.imdb.com/title/tt*"],"merge_matches":true,"use_excludes":[],"orig_excludes":["https://www.imdb.com/title/tt*/*/*"],"merge_excludes":true,"use_connects":[],"merge_connects":true,"use_blockers":[],"orig_run_at":"document-idle","orig_noframes":null,"orig_connects":[]}},"settings":{"enabled":true,"position":32},"meta":{"name":"IMDB Torrent Search 1-Click (to RARBG, Galaxy, 1337x)","uuid":"61f6062f-b8a3-437f-9309-932a1ca2dcc5","modified":1632312507899,"file_url":"https://greasyfork.org/scripts/427184-imdb-torrent-search-1-click-to-rarbg-galaxy-1337x/code/IMDB%20Torrent%20Search%201-Click%20(to%20RARBG,%20Galaxy,%201337x).user.js"}}