{"options":{"check_for_updates":true,"comment":null,"compatopts_for_requires":true,"compat_wrappedjsobject":false,"compat_metadata":false,"compat_foreach":false,"compat_prototypes":false,"noframes":null,"run_at":null,"override":{"use_includes":[],"orig_includes":["/^https://imgur\\.com/[a-zA-Z0-9]{5,8}$/"],"merge_includes":true,"use_matches":[],"orig_matches":[],"merge_matches":true,"use_excludes":[],"orig_excludes":["https://imgur.com/gallery","https://imgur.com/upload"],"merge_excludes":true,"use_connects":[],"merge_connects":true,"use_blockers":[],"orig_run_at":"document-start","orig_noframes":null}},"settings":{"enabled":true,"position":21},"meta":{"name":"Imgur Direct","uuid":"2fb7662e-2b03-40c6-8812-73376a498612","modified":1612297079422,"file_url":"https://greasyfork.org/scripts/413400-imgur-direct/code/Imgur%20Direct.user.js"}}