{"options":{"check_for_updates":true,"comment":null,"compatopts_for_requires":true,"compat_wrappedjsobject":false,"compat_metadata":false,"compat_foreach":false,"compat_prototypes":false,"noframes":null,"run_at":null,"override":{"use_includes":[],"orig_includes":[],"merge_includes":true,"use_matches":[],"orig_matches":["*://*.linkvertise.com/*","*://*.linkvertise.net/*","*://*.link-to.net/*"],"merge_matches":true,"use_excludes":[],"orig_excludes":["*://publisher.linkvertise.com/*","*://linkvertise.com","*://linkvertise.com/search*","*://blog.linkvertise.com","*://blog.linkvertise.com/*","https://linkvertise.com/assets/vendor/thinksuggest.html","https://linkvertise.com/"],"merge_excludes":true,"use_connects":[],"merge_connects":true,"use_blockers":[],"orig_run_at":"document-idle","orig_noframes":null,"orig_connects":[]}},"settings":{"enabled":false,"position":36},"meta":{"name":"krnl and linkvertise bypasser","uuid":"d94b40fb-09b2-44e1-83db-c86a709742a9","modified":1633687007823,"file_url":"https://greasyfork.org/scripts/427869-krnl-and-linkvertise-bypasser/code/krnl%20and%20linkvertise%20bypasser.user.js"}}