{"options":{"check_for_updates":true,"comment":null,"compatopts_for_requires":true,"compat_wrappedjsobject":false,"compat_metadata":false,"compat_foreach":false,"compat_prototypes":false,"noframes":null,"run_at":null,"override":{"use_includes":[],"orig_includes":[],"merge_includes":true,"use_matches":[],"orig_matches":["https://www.linkedin.com/feed/*"],"merge_matches":true,"use_excludes":[],"orig_excludes":[],"merge_excludes":true,"use_connects":[],"merge_connects":true,"use_blockers":[],"orig_run_at":"document-idle","orig_noframes":null,"orig_connects":[]}},"settings":{"enabled":true,"position":35},"meta":{"name":"LinkedIn unsponsored","uuid":"0cd6047a-53ab-4b6d-a331-d47dfbd0871f","modified":1633012280153,"file_url":"https://greasyfork.org/scripts/379003-linkedin-unsponsored/code/LinkedIn%20unsponsored.user.js"}}