{"data":{"cfg":"o{\"start\":\"auto\",\"delay\":300,\"scale\":1.25,\"zoom\":\"context\",\"fit\":\"large\",\"zoomStep\":133,\"zoomOut\":\"auto\",\"scales\":[\"0!\",\"0.125\",\"0.25\",\"0.5\",\"0.75\",\"1\",\"1.5\",\"2\",\"2.5\",\"3\",\"4\",\"5\",\"8\",\"16\"],\"center\":false,\"preload\":false,\"waitLoad\":false,\"uiFadein\":true,\"mute\":false,\"imgtab\":false,\"globalStatus\":false,\"xhr\":true,\"startAltShown\":false,\"uiBackgroundColor\":\"#ffffff\",\"uiBackgroundOpacity\":100,\"uiBorderColor\":\"#000000\",\"uiBorderOpacity\":100,\"uiBorder\":0,\"uiShadowColor\":\"#000000\",\"uiShadowOpacity\":80,\"uiShadow\":20,\"uiPadding\":0,\"uiMargin\":0,\"css\":\"\",\"hosts\":[{\"name\":\"No popup for Fmovies thumbnails\",\"d\":\"www.fmovies.love/*\"},{\"name\":\"No popup for Fmovies thumbnails\",\"d\":\"www.fmovies.love/*/*\"},{\"name\":\"No popup for SVG/PNG icons\",\"d\":\"\",\"e\":\"img[src*='icon']\",\"r\":\"//[^/]+/.*\\\\bicons?\\\\b.*\\\\.(?:png|svg)\",\"s\":\"\"},{\"name\":\"No popup for YouTube thumbnails\",\"d\":\"www.youtube.com\",\"e\":\"ytd-rich-item-renderer *, ytd-thumbnail *\",\"s\":\"\"},{\"r\":\"(invidious\\\\.snopyta\\\\.org/watch.+?v=|v/)([a-z0-9_-]+)\",\"s\":\"https://invidious.snopyta.org/vi/$2/mqdefault.jpg\"}],\"startAlt\":\"context\",\"version\":6}","volume":"n0.5"},"ts":1638961634359}