{"options":{"check_for_updates":true,"comment":null,"compatopts_for_requires":true,"compat_wrappedjsobject":false,"compat_metadata":false,"compat_foreach":false,"compat_prototypes":false,"noframes":null,"run_at":null,"override":{"use_includes":[],"orig_includes":["*"],"merge_includes":true,"use_matches":[],"orig_matches":[],"merge_matches":true,"use_excludes":[],"orig_excludes":[],"merge_excludes":true,"use_connects":[],"merge_connects":true,"use_blockers":[],"orig_run_at":"document-start","orig_noframes":null}},"settings":{"enabled":true,"position":1},"meta":{"name":"My Mouse Gestures","uuid":"491343c7-6cb7-4887-8942-6a8a898ef4f5","modified":1561751354252,"file_url":"https://greasyfork.org/scripts/4776-my-mouse-gestures/code/My%20Mouse%20Gestures.user.js"}}