{"options":{"check_for_updates":true,"comment":null,"compatopts_for_requires":true,"compat_wrappedjsobject":false,"compat_metadata":false,"compat_foreach":false,"compat_prototypes":false,"noframes":null,"run_at":null,"override":{"use_includes":[],"orig_includes":[],"merge_includes":true,"use_matches":[],"orig_matches":["*://clips.twitch.tv/*","*://www.bilibili.com/video/*","*://www.twitch.tv/*","*://www.youtube.com/*"],"merge_matches":true,"use_excludes":[],"orig_excludes":[],"merge_excludes":true,"use_connects":[],"merge_connects":true,"use_blockers":[],"orig_run_at":"document-idle","orig_noframes":true,"orig_connects":[]}},"settings":{"enabled":true,"position":39},"meta":{"name":"Play with mpv","uuid":"4409cb51-6397-4dae-943a-ffb39c8087f7","modified":1634208618785,"file_url":"https://greasyfork.org/scripts/416271-play-with-mpv/code/Play%20with%20mpv.user.js"}}