{"options":{"check_for_updates":true,"comment":null,"compatopts_for_requires":true,"compat_wrappedjsobject":true,"compat_metadata":false,"compat_foreach":false,"compat_prototypes":false,"noframes":null,"run_at":null,"override":{"use_includes":[],"orig_includes":["http://*.pixiv.net/*","https://*.pixiv.net/*"],"merge_includes":true,"use_matches":[],"orig_matches":[],"merge_matches":true,"use_excludes":[],"orig_excludes":[],"merge_excludes":true,"use_connects":[],"merge_connects":true,"use_blockers":[],"orig_run_at":"document-start","orig_noframes":null,"orig_connects":["pixiv.net","i.pximg.net","self"]}},"settings":{"enabled":true,"position":45},"meta":{"name":"ppixiv for Pixiv","uuid":"5b4782e5-a53d-4882-8afe-7a70b3a64337","modified":1639307183548,"file_url":"https://greasyfork.org/scripts/370418-ppixiv-for-pixiv/code/ppixiv%20for%20Pixiv.user.js"}}