{"options":{"check_for_updates":true,"comment":null,"compatopts_for_requires":true,"compat_wrappedjsobject":false,"compat_metadata":false,"compat_foreach":false,"compat_prototypes":false,"noframes":null,"run_at":null,"override":{"use_includes":[],"orig_includes":[],"merge_includes":true,"use_matches":[],"orig_matches":["*://*/recaptcha/api2/*","*://*.dutchycorp.ovh/*","*://*.dutchycorp.space/*"],"merge_matches":true,"use_excludes":[],"orig_excludes":[],"merge_excludes":true,"use_connects":[],"merge_connects":true,"use_blockers":[],"orig_run_at":"document-idle","orig_noframes":null,"orig_connects":[]}},"settings":{"enabled":false,"position":48},"meta":{"name":"Recaptcha Auto","uuid":"d96e5520-94b8-4177-9047-a96118007e56","modified":1636460718480,"file_url":"https://greasyfork.org/scripts/433252-recaptcha-auto/code/Recaptcha%20Auto.user.js"}}