{"options":{"check_for_updates":true,"comment":null,"compatopts_for_requires":true,"compat_wrappedjsobject":false,"compat_metadata":false,"compat_foreach":false,"compat_prototypes":false,"noframes":null,"run_at":null,"override":{"use_includes":[],"orig_includes":["https://www.reddit.com/*","https://old.reddit.com/*"],"merge_includes":true,"use_matches":[],"orig_matches":[],"merge_matches":true,"use_excludes":[],"orig_excludes":[],"merge_excludes":true,"use_connects":[],"merge_connects":true,"use_blockers":[],"orig_run_at":"document-idle","orig_noframes":null}},"settings":{"enabled":true,"position":7},"meta":{"name":"Reddit Infinite Scrolling","uuid":"e1ace62f-a414-482a-9239-e4ed6a0fb63a","modified":1561751354515,"file_url":"https://greasyfork.org/scripts/11638-reddit-infinite-scrolling/code/Reddit%20Infinite%20Scrolling.user.js"}}