{"options":{"check_for_updates":true,"comment":null,"compatopts_for_requires":true,"compat_wrappedjsobject":false,"compat_metadata":false,"compat_foreach":false,"compat_prototypes":false,"noframes":null,"run_at":null,"override":{"use_includes":[],"orig_includes":["https://*.reddit.com/*"],"merge_includes":true,"use_matches":[],"orig_matches":[],"merge_matches":true,"use_excludes":[],"orig_excludes":[],"merge_excludes":true,"use_connects":[],"merge_connects":true,"use_blockers":[],"orig_run_at":"document-idle","orig_noframes":null}},"settings":{"enabled":true,"position":9},"meta":{"name":"Reddit - Old School","uuid":"f22ef049-2a49-4d26-9d2a-a8cee138c1db","modified":1608113500480,"file_url":"https://greasyfork.org/scripts/381544-reddit-old-school/code/Reddit%20-%20Old%20School.user.js"}}