{"options":{"check_for_updates":true,"comment":null,"compatopts_for_requires":true,"compat_wrappedjsobject":false,"compat_metadata":false,"compat_foreach":false,"compat_prototypes":false,"noframes":null,"run_at":null,"override":{"use_includes":[],"orig_includes":[],"merge_includes":true,"use_matches":[],"orig_matches":["*://*.youtube.com/*","*://*.googleapis.com/youtube/v3/videos?part=*"],"merge_matches":true,"use_excludes":[],"orig_excludes":[],"merge_excludes":true,"use_connects":[],"merge_connects":true,"use_blockers":[],"orig_run_at":"document-idle","orig_noframes":null,"orig_connects":[]}},"settings":{"enabled":false,"position":51},"meta":{"name":"Restore Dislikes on YouTube","uuid":"17173736-ac19-44d6-b9d9-8b2c13f54566","modified":1637332435897,"file_url":"https://github.com/TheBoredProputer/Restore-Dislikes-On-Youtube/raw/main/dislikes.user.js"}}