{"options":{"check_for_updates":true,"comment":null,"compatopts_for_requires":true,"compat_wrappedjsobject":false,"compat_metadata":false,"compat_foreach":false,"compat_prototypes":false,"noframes":null,"run_at":null,"override":{"use_includes":[],"orig_includes":[],"merge_includes":true,"use_matches":[],"orig_matches":["*://*.youtube.com/*"],"merge_matches":true,"use_excludes":[],"orig_excludes":["*://music.youtube.com/*","*://*.music.youtube.com/*"],"merge_excludes":true,"use_connects":[],"merge_connects":true,"use_blockers":[],"orig_run_at":"document-end","orig_noframes":null,"orig_connects":["youtube.com"]}},"settings":{"enabled":true,"position":52},"meta":{"name":"Return YouTube Dislike","uuid":"194af45c-7044-46b8-ae2c-561518ce50c9","modified":1638613645201,"file_url":"https://github.com/Anarios/return-youtube-dislike/raw/main/Extensions/UserScript/Return%20Youtube%20Dislike.user.js"}}