{"options":{"check_for_updates":true,"comment":null,"compatopts_for_requires":true,"compat_wrappedjsobject":false,"compat_metadata":false,"compat_foreach":false,"compat_prototypes":false,"noframes":null,"run_at":null,"override":{"use_includes":[],"orig_includes":["https://*.bandcamp.com/*","https://play.google.com/store/music/album/*","https://play.google.com/store/movies/details/*","https://music.amazon.com/*","http://www.amazon.com/*","https://www.amazon.com/*","http://www.amazon.co.uk/*","https://www.amazon.co.uk/*","http://www.amazon.fr/*","https://www.amazon.fr/*","http://www.amazon.de/*","https://www.amazon.de/*","http://www.amazon.es/*","https://www.amazon.es/*","http://www.amazon.ca/*","https://www.amazon.ca/*","http://www.amazon.in/*","https://www.amazon.in/*","http://www.amazon.it/*","https://www.amazon.it/*","http://www.amazon.co.jp/*","https://www.amazon.co.jp/*","http://www.amazon.com.mx/*","https://www.amazon.com.mx/*","http://www.amazon.com.au/*","https://www.amazon.com.au/*","http://www.imdb.com/title/*","https://www.imdb.com/title/*","http://store.steampowered.com/app/*","https://store.steampowered.com/app/*","http://www.gamespot.com/*","https://www.gamespot.com/*","http://www.serienjunkies.de/*","https://www.serienjunkies.de/*","http://www.tv.com/shows/*","https://www.rottentomatoes.com/m/*","https://rottentomatoes.com/m/*","https://www.rottentomatoes.com/tv/*","https://rottentomatoes.com/tv/*","https://www.rottentomatoes.com/tv/*/s*/","https://rottentomatoes.com/tv/*/s*/","http://www.boxofficemojo.com/movies/*","https://www.boxofficemojo.com/movies/*","https://www.boxofficemojo.com/release/*","http://www.allmovie.com/movie/*","https://www.allmovie.com/movie/*","https://en.wikipedia.org/*","https://www.fandango.com/*","https://www.themoviedb.org/movie/*","https://www.themoviedb.org/tv/*","http://letterboxd.com/film/*","https://letterboxd.com/film/*","http://www.tvmaze.com/shows/*","https://www.tvmaze.com/shows/*","http://www.tvguide.com/tvshows/*","https://www.tvguide.com/tvshows/*","http://followshows.com/show/*","https://followshows.com/show/*","https://thetvdb.com/series/*","https://thetvdb.com/movies/*","http://consequenceofsound.net/*","https://consequenceofsound.net/*","http://pitchfork.com/*","https://pitchfork.com/*","http://www.last.fm/*","https://www.last.fm/*","http://tvnfo.com/s/*","https://tvnfo.com/s/*","http://rateyourmusic.com/release/album/*","https://rateyourmusic.com/release/album/*","https://open.spotify.com/*","https://play.spotify.com/album/*","https://www.nme.com/reviews/*","https://www.albumoftheyear.org/album/*","https://itunes.apple.com/*/movie/*","https://itunes.apple.com/*/album/*","https://music.apple.com/*/album/*","https://itunes.apple.com/*/tv-season/*","http://epguides.com/*","http://www.epguides.com/*","https://sharetv.com/shows/*","https://www.netflix.com/*","http://www.cc.com/*","https://www.tvhoard.com/*","https://www.amc.com/*","https://www.amcplus.com/*","https://rlsbb.ru/*/","https://newalbumreleases.net/*","https://www.sho.com/*","https://www.epicgames.com/store/*"],"merge_includes":true,"use_matches":[],"orig_matches":[],"merge_matches":true,"use_excludes":[],"orig_excludes":["https://letterboxd.com/film/*/image*"],"merge_excludes":true,"use_connects":[],"merge_connects":true,"use_blockers":[],"orig_run_at":"document-idle","orig_noframes":null,"orig_connects":["metacritic.com","php-cuzi.herokuapp.com"]}},"settings":{"enabled":true,"position":19},"meta":{"name":"Show Metacritic.com ratings","uuid":"7fb4088c-3c7f-48e4-a26e-9ba946320b52","modified":1637414136491,"file_url":"https://greasyfork.org/scripts/13858-show-metacritic-com-ratings/code/Show%20Metacriticcom%20ratings.user.js"}}