{"options":{"check_for_updates":true,"comment":null,"compatopts_for_requires":true,"compat_wrappedjsobject":false,"compat_metadata":false,"compat_foreach":false,"compat_prototypes":false,"noframes":null,"run_at":null,"override":{"use_includes":[],"orig_includes":["http*"],"merge_includes":true,"use_matches":[],"orig_matches":[],"merge_matches":true,"use_excludes":[],"orig_excludes":["http*://mail.google.com/*","http*://maps.google*","http*://www.google.com/reader*","http*://www.google.com/calendar*","https://docs.google.com/*","http*://app.yinxiang.com/*","http*://www.dropbox.com/*","http*://www.toodledo.com/*","http*://cloud.feedly.com/*","http*://weibo.com/*","http*://w.qq.com/*","http*://web2.qq.com/*","http*://openapi.qzone.qq.com/*","http*://*cloud.vip.xunlei.com/*","http*://www.wumii.com/*","http*://pan.baidu.com/*","http*://yun.baidu.com/*","http*://www.cnbeta.com/*","http*://www.youku.com/","http*://v.youku.com/*","http*://www.iqiyi.com/*","http*://www.duokan.com/reader/*","https://www.kohls.com/*","http*://list.jd.com/*","http*://eclick.baidu.com/*","http*://googleads.g.doubleclick.net/*","http*://pos.baidu.com/*","http*://tpc.googlesyndication.com/*","http*://ad.doubleclick.net/*","http*://ad.agrantsem.com/*","http*://www.youtube.com/embed/*","https://assets.tumblr.com/*","http*://www.paypal.com/*","http*://dash.cloudflare.com/*","http*://assets.tumblr.com/*","http*://www.tumblr.com/video/*","http*://*.awsapps.com/*","http*://simkl.com/*"],"merge_excludes":true,"use_connects":[],"merge_connects":true,"use_blockers":[],"orig_run_at":"document-idle","orig_noframes":null,"orig_connects":["wedata.net","github.io"]}},"settings":{"enabled":false,"position":33},"meta":{"name":"Super_preloaderPlus_one_New","uuid":"d8e7d0eb-b178-4f2c-bde6-4874cf5c5b26","modified":1634986796271,"file_url":"https://machsix.github.io/Super-preloader/Super_preloaderPlus_one_New.user.js"}}