{"script_blacklist_server":[{"severity":"2","rules":["/https?:\\/\\/userscripts\\.org\\/scripts\\/(source|version)/(102614).*\\.user\\.js/"]},{"name":"SaveFrom.net helper","severity":"3","rules":["/https?:\\/\\/sf-addon\\.com\\/.*\\/.*\\.user\\.js/","/https?:\\/\\/.*\\.sf-helper\\.com\\/.*\\.user\\.js/"],"reason":"Shows advertisements"},{"severity":"8","reasons":{"en":"Used for a phishing compain to compromise users of baon-nutrition.com"},"rules":["/https?:\\/\\/files\\.ulysse\\.travel\\/.*\\.user\\.js/"]}],"configMode":100,"layout":"default#light","layout_user_css":"","notification_showUpdate":"changelog","favicon_service":"google","enabled":true,"webrequest_fixCSP":"yes","webrequest_modHeaders":"yes","script_file_access":"off","external_connect":"all","require_sri_mode":"supported","connect_mode":"ask","page_filter_mode":"black","page_whitelist":["/https?:\\/\\/greasyfork\\.org\\/.*/","http://xkcd.com/970/"],"forbiddenPages":["*example.org/*","*paypal.tld/*","*stripe.com/*","https://*deutsche-bank-24.tld/*","https://*bankofamerica.tld/*","/^.*:\\/\\/apis\\.google\\.com\\/((?!render)([^\\/]+)\\/)+([^\\/]+)?$/","*://www.facebook.com/plugins/*","*://platform.twitter.com/widgets/*","*://www.canva.com/*","*://www.000webhost.com/*","*://www.redditpx.com/*","*://www.redditpx.com/*/*","*://www.redditp.com/*","*://stage.redditpx.com/r/*","*://stage.redditpx.com/*/*","*gamek.vn/*","*www.bilibili.com/*","*epicgames.com/*","*www.psychologytoday.com/*","*ieeexplore.ieee.org/*","*store.steampowered.com/*","*nexusmods.com/*","/(^[^:\\/#\\?]*:\\/\\/([^#\\?\\/]*\\.)?www\\.bild\\.de(:[0-9]{1,5})?\\/.*$)/","/(^[^:\\/#\\?]*:\\/\\/([^#\\?\\/]*\\.)?mouscron\\.battlekart\\.com(:[0-9]{1,5})?\\/.*$)/","/(^[^:\\/#\\?]*:\\/\\/([^#\\?\\/]*\\.)?mhealth\\.jmir\\.org(:[0-9]{1,5})?\\/.*$)/","/(^[^:\\/#\\?]*:\\/\\/([^#\\?\\/]*\\.)?trello\\.com(:[0-9]{1,5})?\\/.*$)/","/(^[^:\\/#\\?]*:\\/\\/([^#\\?\\/]*\\.)?drive\\.google\\.com(:[0-9]{1,5})?\\/.*$)/","/(^[^:\\/#\\?]*:\\/\\/([^#\\?\\/]*\\.)?www\\.notiontemplates\\.tech(:[0-9]{1,5})?\\/.*$)/","/(^[^:\\/#\\?]*:\\/\\/([^#\\?\\/]*\\.)?isaacjeffries\\.com(:[0-9]{1,5})?\\/.*$)/","/(^[^:\\/#\\?]*:\\/\\/([^#\\?\\/]*\\.)?edition\\.cnn\\.com(:[0-9]{1,5})?\\/.*$)/","/(^[^:\\/#\\?]*:\\/\\/([^#\\?\\/]*\\.)?get\\.tech(:[0-9]{1,5})?\\/.*$)/","/(^[^:\\/#\\?]*:\\/\\/([^#\\?\\/]*\\.)?www\\.designwizard\\.com(:[0-9]{1,5})?\\/.*$)/","/(^[^:\\/#\\?]*:\\/\\/([^#\\?\\/]*\\.)?taikai\\.network(:[0-9]{1,5})?\\/.*$)/","/(^[^:\\/#\\?]*:\\/\\/([^#\\?\\/]*\\.)?fmovies\\.love(:[0-9]{1,5})?\\/.*$)/","/(^[^:\\/#\\?]*:\\/\\/([^#\\?\\/]*\\.)?www\\.altadefinizione01\\.plus(:[0-9]{1,5})?\\/.*$)/","/(^[^:\\/#\\?]*:\\/\\/([^#\\?\\/]*\\.)?www\\.mirrored\\.to(:[0-9]{1,5})?\\/.*$)/","/(^[^:\\/#\\?]*:\\/\\/([^#\\?\\/]*\\.)?www\\.adobe\\.com(:[0-9]{1,5})?\\/.*$)/","/(^[^:\\/#\\?]*:\\/\\/([^#\\?\\/]*\\.)?subjav\\.me(:[0-9]{1,5})?\\/.*$)/","/(^[^:\\/#\\?]*:\\/\\/([^#\\?\\/]*\\.)?vn-z\\.vn(:[0-9]{1,5})?\\/.*$)/","/(^[^:\\/#\\?]*:\\/\\/([^#\\?\\/]*\\.)?minttube\\.ct8\\.pl(:[0-9]{1,5})?\\/.*$)/","/(^[^:\\/#\\?]*:\\/\\/([^#\\?\\/]*\\.)?mvtd\\.events\\.microsoft\\.com(:[0-9]{1,5})?\\/.*$)/","/(^[^:\\/#\\?]*:\\/\\/([^#\\?\\/]*\\.)?online\\.stanford\\.edu(:[0-9]{1,5})?\\/.*$)/","/(^[^:\\/#\\?]*:\\/\\/([^#\\?\\/]*\\.)?scpd\\.stanford\\.edu(:[0-9]{1,5})?\\/.*$)/","/(^[^:\\/#\\?]*:\\/\\/([^#\\?\\/]*\\.)?free-mp3-download\\.net(:[0-9]{1,5})?\\/.*$)/","/(^[^:\\/#\\?]*:\\/\\/([^#\\?\\/]*\\.)?www\\.ericzhang\\.me(:[0-9]{1,5})?\\/.*$)/","/(^[^:\\/#\\?]*:\\/\\/([^#\\?\\/]*\\.)?localhost(:[0-9]{1,5})?\\/.*$)/","/(^[^:\\/#\\?]*:\\/\\/([^#\\?\\/]*\\.)?learning\\.edx\\.org(:[0-9]{1,5})?\\/.*$)/","/(^[^:\\/#\\?]*:\\/\\/([^#\\?\\/]*\\.)?www\\.coursera\\.org(:[0-9]{1,5})?\\/.*$)/","/(^[^:\\/#\\?]*:\\/\\/([^#\\?\\/]*\\.)?assignable-circles\\.000webhostapp\\.com(:[0-9]{1,5})?\\/.*$)/","/(^[^:\\/#\\?]*:\\/\\/([^#\\?\\/]*\\.)?portal\\.azure\\.com(:[0-9]{1,5})?\\/.*$)/","/(^[^:\\/#\\?]*:\\/\\/([^#\\?\\/]*\\.)?www\\.microsoftazuresponsorships\\.com(:[0-9]{1,5})?\\/.*$)/","/(^[^:\\/#\\?]*:\\/\\/([^#\\?\\/]*\\.)?infinityfree\\.net(:[0-9]{1,5})?\\/.*$)/","/(^[^:\\/#\\?]*:\\/\\/([^#\\?\\/]*\\.)?sv1\\.scriptinstall\\.rocks(:[0-9]{1,5})?\\/.*$)/","/(^[^:\\/#\\?]*:\\/\\/([^#\\?\\/]*\\.)?kngo\\.orgfree\\.com(:[0-9]{1,5})?\\/.*$)/","/(^[^:\\/#\\?]*:\\/\\/([^#\\?\\/]*\\.)?gpldl\\.com(:[0-9]{1,5})?\\/.*$)/","/(^[^:\\/#\\?]*:\\/\\/([^#\\?\\/]*\\.)?redditpx\\.com(:[0-9]{1,5})?\\/.*$)/","/(^[^:\\/#\\?]*:\\/\\/([^#\\?\\/]*\\.)?libbyapp\\.com(:[0-9]{1,5})?\\/.*$)/","/(^[^:\\/#\\?]*:\\/\\/([^#\\?\\/]*\\.)?www\\.nimo\\.tv(:[0-9]{1,5})?\\/.*$)/","/(^[^:\\/#\\?]*:\\/\\/([^#\\?\\/]*\\.)?www\\.linguee\\.com(:[0-9]{1,5})?\\/.*$)/","/(^[^:\\/#\\?]*:\\/\\/([^#\\?\\/]*\\.)?open\\.spotify\\.com(:[0-9]{1,5})?\\/.*$)/","/(^[^:\\/#\\?]*:\\/\\/([^#\\?\\/]*\\.)?ph\\.toolss\\.net(:[0-9]{1,5})?\\/.*$)/","/(^[^:\\/#\\?]*:\\/\\/([^#\\?\\/]*\\.)?login\\.teamviewer\\.com(:[0-9]{1,5})?\\/.*$)/","/(^[^:\\/#\\?]*:\\/\\/([^#\\?\\/]*\\.)?www\\.jetbrains\\.com(:[0-9]{1,5})?\\/.*$)/","/(^[^:\\/#\\?]*:\\/\\/([^#\\?\\/]*\\.)?zenmate\\.com(:[0-9]{1,5})?\\/.*$)/","/(^[^:\\/#\\?]*:\\/\\/([^#\\?\\/]*\\.)?tutflix\\.org(:[0-9]{1,5})?\\/.*$)/","/(^[^:\\/#\\?]*:\\/\\/([^#\\?\\/]*\\.)?www\\.rapid7\\.com(:[0-9]{1,5})?\\/.*$)/","/(^[^:\\/#\\?]*:\\/\\/([^#\\?\\/]*\\.)?downloads\\.boox\\.com(:[0-9]{1,5})?\\/.*$)/","/(^[^:\\/#\\?]*:\\/\\/([^#\\?\\/]*\\.)?www\\.techpowerup\\.com(:[0-9]{1,5})?\\/.*$)/","/(^[^:\\/#\\?]*:\\/\\/([^#\\?\\/]*\\.)?www\\.sony\\.com(:[0-9]{1,5})?\\/.*$)/"],"scriptUpdateCheckDisabled":true,"autoReload":true}