{"options":{"check_for_updates":true,"comment":null,"compatopts_for_requires":true,"compat_wrappedjsobject":false,"compat_metadata":false,"compat_foreach":false,"compat_prototypes":false,"noframes":null,"run_at":null,"override":{"use_includes":[],"orig_includes":[],"merge_includes":true,"use_matches":[],"orig_matches":["https://tinder.com/*","https://tinder.com/"],"merge_matches":true,"use_excludes":[],"orig_excludes":[],"merge_excludes":true,"use_connects":[],"merge_connects":true,"use_blockers":[],"orig_run_at":"document-idle","orig_noframes":null,"orig_connects":["tineye.com"]}},"settings":{"enabled":false,"position":46},"meta":{"name":"Tinder catfishing prevention tool","uuid":"1462e2f7-a69c-4976-a489-0ef0aa122a1b","modified":1636025806364,"file_url":"https://greasyfork.org/scripts/430566-tinder-catfishing-prevention-tool/code/Tinder%20catfishing%20prevention%20tool.user.js"}}