{"options":{"check_for_updates":true,"comment":null,"compatopts_for_requires":true,"compat_wrappedjsobject":false,"compat_metadata":false,"compat_foreach":false,"compat_prototypes":false,"noframes":null,"run_at":null,"override":{"use_includes":[],"orig_includes":[],"merge_includes":true,"use_matches":[],"orig_matches":["*://*.twitch.tv/*"],"merge_matches":true,"use_excludes":[],"orig_excludes":[],"merge_excludes":true,"use_connects":[],"merge_connects":true,"use_blockers":[],"orig_run_at":"document-start","orig_noframes":null,"orig_connects":[]}},"settings":{"enabled":true,"position":37},"meta":{"name":"TwitchAdSolutions (bypass)","uuid":"79ac5f7f-2b2a-44ce-b084-b824da6e29c1","modified":1634294285968,"file_url":"https://github.com/pixeltris/TwitchAdSolutions/raw/master/bypass/bypass.user.js"}}