{"options":{"check_for_updates":true,"comment":null,"compatopts_for_requires":true,"compat_wrappedjsobject":false,"compat_metadata":false,"compat_foreach":false,"compat_prototypes":false,"noframes":null,"run_at":null,"override":{"use_includes":[],"orig_includes":[],"merge_includes":true,"use_matches":[],"orig_matches":["https://twitter.com/*"],"merge_matches":true,"use_excludes":[],"orig_excludes":[],"merge_excludes":true,"use_connects":[],"merge_connects":true,"use_blockers":[],"orig_run_at":"document-idle","orig_noframes":true,"orig_connects":[]}},"settings":{"enabled":true,"position":47},"meta":{"name":"twitter vertical view","uuid":"ba9370a9-9a7c-48fc-a1c6-2ece32dd567b","modified":1636025972679,"file_url":"https://greasyfork.org/scripts/426910-twitter-vertical-view/code/twitter%20vertical%20view.user.js"}}