{"options":{"check_for_updates":true,"comment":null,"compatopts_for_requires":true,"compat_wrappedjsobject":false,"compat_metadata":false,"compat_foreach":false,"compat_prototypes":false,"noframes":null,"run_at":null,"override":{"use_includes":[],"orig_includes":["*://vk.com/*","*://m.vk.com/*","*://*.vk-cdn.com/*","*://*.vk-cdn.net/*","*://*.mycdn.me/*","*://*.userapi.com/*","https://www.youtube.com/vk_media_downloader*","*://*.vkuseraudio.net/*","*://*.vkuservideo.net/*","*://*.pladform.ru/*"],"merge_includes":true,"use_matches":[],"orig_matches":[],"merge_matches":true,"use_excludes":[],"orig_excludes":[],"merge_excludes":true,"use_connects":[],"merge_connects":true,"use_blockers":[],"orig_run_at":"document-start","orig_noframes":null,"orig_connects":["vk.com","vk-cdn.com","vk-cdn.net","userapi.com","vkuseraudio.net","vkuservideo.net","jsdelivr.net","unpkg.com","mycdn.me","greasyfork.org","pladform.ru","rutube.ru"]}},"settings":{"enabled":false,"position":6},"meta":{"name":"Vk Media Downloader","uuid":"4ca89470-13cc-4253-a4d9-07be55f2cd5c","modified":1633449594125,"file_url":"https://greasyfork.org/scripts/38614-vk-media-downloader/code/Vk%20Media%20Downloader.user.js"}}