{"options":{"check_for_updates":true,"comment":null,"compatopts_for_requires":true,"compat_wrappedjsobject":false,"compat_metadata":false,"compat_foreach":false,"compat_prototypes":false,"noframes":null,"run_at":null,"override":{"use_includes":[],"orig_includes":["https://web.whatsapp.com/*","https://www.cobranzas.com/*"],"merge_includes":true,"use_matches":[],"orig_matches":[],"merge_matches":true,"use_excludes":[],"orig_excludes":[],"merge_excludes":true,"use_connects":[],"merge_connects":true,"use_blockers":[],"orig_run_at":"document-body","orig_noframes":null}},"settings":{"enabled":true,"position":16},"meta":{"name":"WhatsApp Web","uuid":"cc438a28-9994-4ab4-8035-bbd37c634fa7","modified":1606942371666,"file_url":"https://greasyfork.org/scripts/416215-whatsapp-web/code/WhatsApp%20Web.user.js"}}