{"options":{"check_for_updates":false,"comment":null,"compatopts_for_requires":true,"compat_wrappedjsobject":false,"compat_metadata":false,"compat_foreach":false,"compat_prototypes":false,"noframes":null,"run_at":null,"override":{"use_includes":[],"orig_includes":["https://www.youtube.com/*"],"merge_includes":true,"use_matches":[],"orig_matches":[],"merge_matches":true,"use_excludes":[],"orig_excludes":[],"merge_excludes":true,"use_connects":[],"merge_connects":true,"use_blockers":[],"orig_run_at":"document-idle","orig_noframes":true,"orig_connects":[]}},"settings":{"enabled":true,"position":11},"meta":{"name":"Youtube - Right Side Description","uuid":"7f88168f-bf3d-4ba8-9a33-6d8f65559a05","modified":1637443896574,"file_url":"https://greasyfork.org/scripts/976-youtube-right-side-description/code/Youtube%20-%20Right%20Side%20Description.user.js"}}